/* Страны */
INSERT INTO country (id, name)
VALUES 
   (1, 'Россия'), 
   (2, 'США');

/* Жанры */
INSERT INTO genre (name)
VALUES
   ('Драма'),
   ('Комедия'),
   ('Экшн'),
   ('Ужасы'),
   ('Фантастика');

/* Залы */
INSERT INTO hall (name, max, shema)
VALUES
   ('Зал 1', 10, '{1,5;2,4;1,5;1,5;2,4}'),
   ('Зал 2', 20, '{1,5;1,5;1,5;1,5;1,5}'),
   ('Зал 3', 15, '{2,4;2,4;2,5;1,4;2,4}');

/* Фильмы */
INSERT INTO movie (name, country, genre, time, poster, description, rating)
VALUES
    ('Брат', 1, 3, 115, 'poster.jpg', 'Описание фильма Брат', 10),
    ('Стиляги', 1, 2, 127, 'poster.jpg', 'Описание фильма Стиляги', 9),
    ('Летят журавли', 1, 1, 120, 'poster.jpg', 'Описание фильма Летят журавли', 10),
    ('Зеркало', 1, 3, 96, 'poster.jpg', 'Описание фильма Зеркало', 8),
    ('Левиафан', 1, 3, 92, 'poster.jpg', 'Описание фильма Левиафан', 10),
    ('Звездные войны', 2, 3, 90, 'poster.jpg', 'Описание фильма Звездные войны', 9),
    ('Властелин колец: Братство кольца', 2, 3, 87, 'poster.jpg', 'Описание фильма Властелин колец: Братство кольца', 10),
    ('Форрест Гамп', 2, 3, 114, 'poster.jpg', 'Описание фильма Форрест Гамп', 10),
    ('История игрушек', 2, 3, 119, 'poster.jpg', 'Описание фильма История игрушек', 7),
    ('Тёмный рыцарь', 2, 3, 240, 'poster.jpg', 'Описание фильма Тёмный рыцарь', 6);  

/*Сеансы*/
INSERT INTO seance (start, hall_id, movie_id, base_price)
VALUES
    ('2023-12-12 12:00:00.000000', 2, 1, 300),
    ('2023-12-12 12:30:00.000000', 3, 2, 300),
    ('2023-12-12 13:00:00.000000', 4, 3, 350),
    ('2023-12-12 13:30:00.000000', 2, 4, 350),
    ('2023-12-12 14:00:00.000000', 3, 5, 400),
    ('2023-12-12 14:30:00.000000', 4, 6, 400),
    ('2023-12-12 15:00:00.000000', 2, 7, 450),
    ('2023-12-12 15:30:00.000000', 3, 8, 450),
    ('2023-12-12 16:00:00.000000', 4, 9, 500),
    ('2023-12-12 16:30:00.000000', 2, 10, 500),
    ('2023-12-12 17:00:00.000000', 3, 1, 550),
    ('2023-12-12 17:30:00.000000', 4, 2, 550),
    ('2023-12-12 18:00:00.000000', 2, 3, 550),
    ('2023-12-12 18:30:00.000000', 3, 4, 550),
    ('2023-12-12 19:00:00.000000', 4, 5, 550),
    ('2023-12-12 19:30:00.000000', 2, 6, 550),
    ('2023-12-12 20:00:00.000000', 3, 7, 550),
    ('2023-12-12 20:30:00.000000', 4, 8, 550),
    ('2023-12-12 21:00:00.000000', 2, 9, 550),
    ('2023-12-12 21:30:00.000000', 3, 10, 550);
	
/*Билеты*/
INSERT INTO ticket (place, row, extra_charge, seance_id)
VALUES
    (7, 2, 0, 2),
    (8, 2, 0, 2),
    (9, 2, 0, 2),
    (12, 3, 100, 2),
    (14, 3, 100, 2),
    (7, 2, 0, 3),
    (8, 2, 0, 3),
    (9, 2, 0, 4),
    (12, 3, 100, 4),
    (14, 3, 100, 5),
    (7, 2, 0, 6),
    (8, 2, 0, 7),
    (9, 2, 0, 7),
    (12, 3, 100, 8),
    (14, 3, 100, 8),
    (7, 2, 0, 9),
    (8, 2, 0, 9),
    (9, 2, 0, 10),
    (12, 3, 100, 11),
    (14, 3, 100, 12),
    (7, 2, 0, 13),
    (8, 2, 0, 14),
    (9, 2, 0, 15),
    (9, 2, 0, 16),
    (12, 3, 100, 17),
    (14, 3, 100, 17),
    (7, 2, 0, 18),
    (8, 2, 0, 18),
    (9, 2, 0, 20),
    (12, 3, 100, 20),
    (14, 3, 100, 20),
    (7, 2, 0, 17),
    (8, 2, 0, 17),
    (9, 2, 0, 17),
    (12, 3, 100, 17),
    (14, 3, 100, 17),
    (7, 2, 0, 18),
    (8, 2, 0, 18),
    (9, 2, 0, 20),
    (12, 3, 100, 20),
    (14, 3, 100, 20);
	
/*Заказы*/
INSERT INTO "order" (booking, paid, cost, date_pay, ticket_id, movie_id)
VALUES
    (false,true,500,'2023-12-11 12:01:00.000000',2,1),
    (false,true,300,'2023-12-11 12:02:00.000000',3,1),
    (false,true,400,'2023-12-11 12:03:00.000000',4,2),
    (false,true,450,'2023-12-11 12:04:00.000000',5,3),
    (false,true,350,'2023-12-11 12:05:00.000000',6,4),
    (false,true,400,'2023-12-11 12:06:00.000000',7,5),
    (false,true,400,'2023-12-11 12:07:00.000000',8,6),
    (false,true,550,'2023-12-11 12:08:00.000000',9,7),
    (false,true,550,'2023-12-11 12:09:00.000000',10,8),
    (false,true,500,'2023-12-11 12:10:00.000000',11,9),
    (false,true,500,'2023-12-11 12:01:00.000000',12,10),
    (false,true,550,'2023-12-11 12:02:00.000000',13,1),
    (false,true,650,'2023-12-11 12:03:00.000000',14,2),
    (false,true,650,'2023-12-11 12:04:00.000000',15,3),
    (false,true,550,'2023-12-11 12:05:00.000000',16,4),
    (false,true,550,'2023-12-11 12:06:00.000000',17,5),
    (false,true,550,'2023-12-11 12:07:00.000000',18,6),
    (false,true,650,'2023-12-11 12:08:00.000000',19,7),
    (false,true,650,'2023-12-11 12:09:00.000000',20,8),
    (false,true,550,'2023-12-11 12:10:00.000000',21,9),
    (true,false,550,'2023-12-11 12:10:00.000000',22,10);