INSERT INTO age_categories (id, name)
VALUES (1, '0+'),
       (2, '6+'),
       (3, '12+'),
       (4, '14+'),
       (5, '18+');

INSERT INTO places_type (id, name)
VALUES (1, '1 категория'),
       (2, '2 категория'),
       (3, 'VIP');

INSERT INTO cinema_hall (id, name)
VALUES (1, '1 зал'),
       (2, '2 зал');

INSERT INTO cinema_hall_capacity (id, count_places, cinema_hall_id, places_type_id)
VALUES (1, 30, 1, 1),
       (2, 15, 1, 2),
       (3, 5, 1, 3),

       (4, 25, 2, 2),
       (5, 25, 2, 3);

INSERT INTO places (id, row, place, places_type_id, cinema_hall_id)
VALUES (1, 1, 1, 1, 1),
       (2, 1, 2, 1, 1),
       (3, 1, 3, 1, 1),
       (4, 1, 4, 1, 1),
       (5, 1, 5, 1, 1),
       (6, 1, 6, 1, 1),
       (7, 1, 7, 1, 1),
       (8, 1, 8, 1, 1),
       (9, 1, 9, 1, 1),
       (10, 1, 10, 1, 1),
       (11, 1, 11, 1, 1),
       (12, 1, 12, 1, 1),
       (13, 1, 13, 1, 1),
       (14, 1, 14, 1, 1),
       (15, 1, 15, 1, 1),
       (16, 1, 16, 1, 1),
       (17, 1, 17, 1, 1),
       (18, 1, 18, 1, 1),
       (19, 1, 19, 1, 1),
       (20, 1, 20, 1, 1),
       (21, 1, 21, 1, 1),
       (22, 1, 22, 1, 1),
       (23, 1, 23, 1, 1),
       (24, 1, 24, 1, 1),
       (25, 1, 25, 1, 1),
       (26, 1, 26, 1, 1),
       (27, 1, 27, 1, 1),
       (28, 1, 28, 1, 1),
       (29, 1, 29, 1, 1),
       (30, 1, 30, 1, 1),

       (31, 2, 1, 2, 1),
       (32, 2, 2, 2, 1),
       (33, 2, 3, 2, 1),
       (34, 2, 4, 2, 1),
       (35, 2, 5, 2, 1),
       (36, 2, 6, 2, 1),
       (37, 2, 7, 2, 1),
       (38, 2, 8, 2, 1),
       (39, 2, 9, 2, 1),
       (40, 2, 10, 2, 1),
       (41, 2, 11, 2, 1),
       (42, 2, 12, 2, 1),
       (43, 2, 13, 2, 1),
       (44, 2, 14, 2, 1),
       (45, 2, 15, 2, 1),

       (46, 3, 1, 3, 1),
       (47, 3, 2, 3, 1),
       (48, 3, 3, 3, 1),
       (49, 3, 4, 3, 1),
       (50, 3, 5, 3, 1),

      ---- Второй зал ----

       (51, 1, 1, 2, 2),
       (52, 1, 2, 2, 2),
       (53, 1, 3, 2, 2),
       (54, 1, 4, 2, 2),
       (55, 1, 5, 2, 2),
       (56, 1, 6, 2, 2),
       (57, 1, 7, 2, 2),
       (58, 1, 8, 2, 2),
       (59, 1, 9, 2, 2),
       (60, 1, 10, 2, 2),
       (61, 1, 11, 2, 2),
       (62, 1, 12, 2, 2),
       (63, 1, 13, 2, 2),
       (64, 1, 14, 2, 2),
       (65, 1, 15, 2, 2),
       (66, 1, 16, 2, 2),
       (67, 1, 17, 2, 2),
       (68, 1, 18, 2, 2),
       (69, 1, 19, 2, 2),
       (70, 1, 20, 2, 2),
       (71, 1, 21, 2, 2),
       (72, 1, 22, 2, 2),
       (73, 1, 23, 2, 2),
       (74, 1, 24, 2, 2),
       (75, 1, 25, 2, 2),

       (76, 2, 26, 3, 2),
       (77, 2, 27, 3, 2),
       (78, 2, 28, 3, 2),
       (79, 2, 29, 3, 2),
       (80, 2, 30, 3, 2),
       (81, 2, 31, 3, 2),
       (82, 2, 32, 3, 2),
       (83, 2, 33, 3, 2),
       (84, 2, 34, 3, 2),
       (85, 2, 35, 3, 2),
       (86, 2, 36, 3, 2),
       (87, 2, 37, 3, 2),
       (88, 2, 38, 3, 2),
       (89, 2, 39, 3, 2),
       (90, 2, 40, 3, 2),
       (91, 2, 41, 3, 2),
       (92, 2, 42, 3, 2),
       (93, 2, 43, 3, 2),
       (94, 2, 44, 3, 2),
       (95, 2, 45, 3, 2),
       (96, 2, 46, 3, 2),
       (97, 2, 47, 3, 2),
       (98, 2, 48, 3, 2),
       (99, 2, 49, 3, 2),
       (100, 2, 50, 3, 2);

INSERT INTO films (id, name, age_category_id)
VALUES (1, 'Титаник', 4),
       (2, 'Три Богатыря', 1),
       (3, 'Мстители', 3);

INSERT INTO cinema_session (id, date, film_id, cinema_hall_id)
VALUES (1, '2024-02-01 09:00:00', 1, 1),
       (2, '2024-02-01 12:00:00', 1, 1),
       (3, '2024-02-01 18:00:00', 1, 1),

       (4, '2024-02-01 09:00:00', 2, 2),
       (5, '2024-02-01 12:00:00', 2, 2),

       (6, '2024-02-01 18:00:00', 3, 2);

INSERT INTO prices (cinema_session_id, places_type_id, price)
VALUES (1, 1, 150),
       (1, 2, 200),
       (1, 3, 500),

       (2, 1, 250),
       (2, 2, 350),
       (2, 3, 700),

       (3, 1, 300),
       (3, 2, 400),
       (3, 3, 900),

       (4, 1, 300),
       (4, 2, 300),
       (4, 3, 800),

       (5, 1, 300),
       (5, 2, 300),
       (5, 3, 800),

       (6, 3, 900);

INSERT INTO tickets (places_id, cinema_session_id, price)
SELECT places.id, cs.id, ps.price FROM places
         JOIN cinema_session cs
              ON cs.cinema_hall_id = places.cinema_hall_id
         JOIN prices ps
              ON ps.cinema_session_id = cs.id AND ps.places_type_id = places.places_type_id;