-- Дамп данных таблицы `shedule`
INSERT INTO `shedule` (`shedule_id`, `start`, `date`) VALUES
(1, '2023-09-07 11:00:00', '2023-09-07'),
(3, '2023-09-07 11:00:00', '2023-09-08'),
(2, '2023-09-07 13:30:00', '2023-09-07'),
(4, '2023-09-07 13:30:00', '2023-09-08');

-- Дамп данных таблицы `films`
INSERT INTO `films` (`film_id`, `name`) VALUES
(1, 'Avengers'),
(2, 'Джон Уик 4');


-- Дамп данных таблицы `halls`
INSERT INTO `halls` (`hall_id`, `name`) VALUES
(1, 'марс'),
(2, 'сатурн'),
(3, 'юпитер');

-- Дамп данных таблицы `place`
INSERT INTO `place` (`place_id`, `row`, `place`, `hall_id`) VALUES
(1, 1, 1, 1),
(7, 1, 1, 2),
(15, 1, 1, 3),
(2, 1, 2, 1),
(8, 1, 2, 2),
(16, 1, 2, 3),
(3, 1, 3, 1),
(9, 1, 3, 2),
(17, 1, 3, 3),
(4, 2, 1, 1),
(5, 2, 2, 1),
(6, 2, 3, 1),
(12, 4, 1, 3),
(13, 4, 2, 3),
(14, 4, 3, 3),
(10, 5, 1, 2),
(11, 5, 2, 2);

-- Дамп данных таблицы `sessions`
INSERT INTO `sessions` (`session_id`, `film_id`, `hall_id`, `shedule_id`) VALUES
(2, 1, 2, 1),
(5, 1, 3, 4),
(1, 2, 1, 1),
(3, 2, 1, 2),
(4, 2, 1, 3);

-- Дамп данных таблицы `price`
INSERT INTO `price` (`price_id`, `film_id`, `shedule_id`, `price`) VALUES
(1, 1, 1, '500'),
(2, 1, 4, '800'),
(3, 1, 2, '600'),
(4, 2, 1, '400'),
(5, 2, 2, '500'),
(6, 2, 3, '600'),
(7, 2, 4, '800');

-- Дамп данных таблицы `orders`
INSERT INTO `orders` (`order_id`, `phone`, `mail`, `session_id`, `place_id`, `created_at`) VALUES
(1, '9999', 'admin@gmail.com', 1, 1, '2023-09-07 01:12:49'),
(2, '9999', 'admin@gmail.com', 1, 2, '2023-09-07 01:12:49'),
(3, '888', 'test@gmail.com', 4, 10, '2023-09-07 06:15:32'),
(4, '888', 'test@gmail.com', 4, 11, '2023-09-07 06:15:32'),
(5, '56234', 'u1@gmail.com', 2, 1, '2023-09-07 14:36:23'),
(6, '72343634', 'u2@gmail.com', 2, 14, '2023-09-07 13:18:06'),
(7, '5756835454', 'test@gmail.com', 3, 14, '2023-09-07 13:42:59');
