INSERT INTO genres (id, title) VALUES (1, 'fantastic'), (2, 'drama'), (3, 'comedy'), (4, 'fantasy');

INSERT INTO movies (id, title, year_premier, genre_id) VALUES
	(1, 'The Green Mile', 1994, 2),
	(2, 'Intouchables', 2011, 3),
	(3, 'Interstellar', 2014, 1),
	(4, 'The Lord of the Rings: The Return of the King', 2003, 4);

INSERT INTO holls (id, title) VALUES
	(1, 'A'),
	(2, 'B');

INSERT INTO rows (id, title) VALUES
	(1, '1'),
	(2, '2'),
	(3, '3'),
	(4, '4'),
	(5, '5');

INSERT INTO seats (id, title) VALUES
	(1, '1'),
	(2, '2'),
	(3, '3'),
	(4, '4'),
	(5, '5'),
	(6, '6'),
	(7, '7'),
	(8, '8'),
	(9, '9'),
	(10, '10');

INSERT INTO seats_categories (id, title, increase) VALUES
	(1, 'default', 1),
	(2, 'top', 1.5),
	(3, 'vip', 2);

INSERT INTO locations (id, holl_id, row_id, seat_id, category_id) VALUES
	(1, 1, 1, 1, 1),
	(2, 1, 1, 2, 1),
	(3, 1, 1, 3, 1),
	(4, 1, 1, 4, 1),
	(5, 1, 1, 5, 1),
	(6, 1, 2, 1, 1),
	(7, 1, 2, 2, 1),
	(8, 1, 2, 3, 2),
	(9, 1, 2, 4, 2),
	(10, 1, 2, 5, 1),
	(11, 1, 2, 6, 1),
	(12, 1, 3, 1, 1),
	(13, 1, 3, 2, 2),
	(14, 1, 3, 3, 3),
	(15, 1, 3, 4, 3),
	(16, 1, 3, 5, 3),
	(17, 1, 3, 6, 2),
	(18, 1, 3, 7, 1),
	(19, 2, 1, 1, 1),
	(20, 2, 1, 2, 1),
	(21, 2, 1, 3, 1),
	(22, 2, 1, 4, 1),
	(23, 2, 1, 5, 1),
	(24, 2, 2, 1, 1),
	(25, 2, 2, 2, 2),
	(26, 2, 2, 3, 2),
	(27, 2, 2, 4, 2),
	(28, 2, 2, 5, 2),
	(29, 2, 2, 6, 1),
	(30, 2, 3, 1, 1),
	(31, 2, 3, 2, 2),
	(32, 2, 3, 3, 3),
	(33, 2, 3, 4, 3),
	(34, 2, 3, 5, 3),
	(35, 2, 3, 6, 2),
	(36, 2, 3, 7, 1);

INSERT INTO sessions (id, date, holl_id, movie_id, price) VALUES
	(1, '2023-12-27 10:00', 1, 1, 200.00),
	(2, '2023-12-27 13:00', 1, 2, 250.00),
	(3, '2023-12-27 16:00', 1, 2, 250.00),
	(4, '2023-12-27 19:00', 1, 1, 350.00),
	(5, '2023-12-27 09:00', 2, 3, 200.00),
	(6, '2023-12-27 12:00', 2, 4, 300.00),
	(7, '2023-12-27 15:00', 2, 4, 300.00),
	(8, '2023-12-27 18:00', 2, 3, 400.00);

INSERT INTO promo (id, title, discount) VALUES
	(1, 'День рождения', 10);

INSERT INTO tickets (id, session_id, location_id, promo_id, total_price) VALUES
	(1, 1, 2, null, 200),
	(2, 1, 3, null, 200),
	(3, 1, 4, null, 200),
	(4, 1, 7, null, 300),
	(5, 1, 9, 1, 180),
	(6, 1, 12, null, 200),

	(7, 2, 4, null, 250),
	(8, 2, 6, null, 250),
	(9, 2, 8, null, 375),
	(10, 2, 10, 1, 225),
	(11, 2, 11, 1, 225),
	(12, 2, 13, 1, 337.5),
	(14, 2, 16, null, 500),
	(15, 2, 18, null, 250),

	(16, 3, 4, null, 250),
	(17, 3, 8, null, 375),
	(18, 3, 12, null, 250),
	(19, 3, 16, null, 250),
	(20, 3, 20, 1, 225),
	(21, 3, 24, null, 250),
	(22, 3, 28, null, 500),
	(23, 3, 32, null, 500),

	(24, 4, 12, null, 350),
	(25, 4, 10, null, 350),
	(26, 4, 8, null, 525),
	(27, 4, 6, null, 350),
	(28, 4, 3, 1, 315),
	(29, 4, 2, 1, 315),
	(30, 4, 18, null, 350),
	(31, 4, 16, null, 350),

	(32, 5, 10, null, 200),
	(33, 5, 11, null, 200),
	(34, 5, 12, null, 200),
	(35, 5, 13, 1, 270),
	(36, 5, 14, 1, 360),
	(37, 5, 15, 1, 360),
	(38, 5, 16, 1, 360),
	(39, 5, 17, 1, 270),

	(40, 6, 28, 1, 540),
	(41, 6, 19, null, 300),
	(42, 6, 20, null, 300),
	(43, 6, 21, null, 300),
	(44, 6, 22, null, 300),
	(45, 6, 23, null, 300),

	(46, 7, 22, null, 300),
	(47, 7, 33, null, 600),
	(48, 7, 20, null, 300),
	(49, 7, 24, null, 300),
	(50, 7, 28, 1, 405),
	(51, 7, 32, null, 600),
	(52, 7, 26, null, 450),

	(53, 8, 34, 1, 720),
	(54, 8, 35, 1, 540),
	(55, 8, 31, null, 600),
	(56, 8, 25, null, 600),
	(57, 8, 26, 1, 540),
	(58, 8, 27, 1, 540),
	(59, 8, 28, null, 600);
