INSERT INTO genres (id, title) VALUES (1, 'fantastic'), (2, 'drama'), (3, 'comedy'), (4, 'fantasy');
	
INSERT INTO movies (id, title, year_premier, genre_id) VALUES
	(1, 'The Green Mile', 1994, 2),
	(2, 'The Shawshank Redemption', 1994, 2),
	(3, 'Intouchables', 2011, 3),
	(4, 'Forrest Gump', 1994, 2),
	(5, 'Interstellar', 2014, 1),
	(6, 'The Lord of the Rings: The Return of the King', 2003, 4);
	
INSERT INTO holls (id, title) VALUES 
	(1, 'A'), 
	(2, 'B');

INSERT INTO rows (id, title) VALUES 
	(1, '1'), 
	(2, '2'), 
	(3, '3'), 
	(4, '4'), 
	(5, '5');

INSERT INTO seats (id, title) VALUES 
	(1, '1'), 
	(2, '2'), 
	(3, '3'), 
	(4, '4'), 
	(5, '5'), 
	(6, '6'), 
	(7, '7'), 
	(8, '8'), 
	(9, '9'), 
	(10, '10');

INSERT INTO seats_categories (id, title, increase) VALUES 
	(1, 'default', 1), 
	(2, 'top', 1.5), 
	(3, 'vip', 2);

INSERT INTO locations (id, holl_id, row_id, seat_id, category_id) VALUES 
	(1, 1, 1, 1, 1),
	(2, 1, 1, 2, 1),
	(3, 1, 1, 3, 1),
	(4, 1, 1, 4, 1),
	(5, 1, 1, 5, 1),
	(6, 1, 2, 1, 1),
	(7, 1, 2, 2, 1),
	(8, 1, 2, 3, 2),
	(9, 1, 2, 4, 2),
	(10, 1, 2, 5, 1),
	(11, 1, 2, 6, 1),
	(12, 1, 3, 1, 1),
	(13, 1, 3, 2, 2),
	(14, 1, 3, 3, 3),
	(15, 1, 3, 4, 3),
	(16, 1, 3, 5, 3),
	(17, 1, 3, 6, 2),
	(18, 1, 3, 7, 1),
	(19, 2, 1, 1, 1),
	(20, 2, 1, 2, 1),
	(21, 2, 1, 3, 1),
	(22, 2, 1, 4, 1),
	(23, 2, 1, 5, 1),
	(24, 2, 2, 1, 1),
	(25, 2, 2, 2, 2),
	(26, 2, 2, 3, 2),
	(27, 2, 2, 4, 2),
	(28, 2, 2, 5, 2),
	(29, 2, 2, 6, 1),
	(30, 2, 3, 1, 1),
	(31, 2, 3, 2, 2),
	(32, 2, 3, 3, 3),
	(33, 2, 3, 4, 3),
	(34, 2, 3, 5, 3),
	(35, 2, 3, 6, 2),
	(36, 2, 3, 7, 1);

INSERT INTO sessions (id, date, holl_id, movie_id, price) VALUES
	(1, '2023-12-27 10:00', 1, 5, 200.00),
	(2, '2023-12-27 13:00', 1, 2, 250.00),
	(3, '2023-12-27 16:00', 1, 6, 250.00),
	(4, '2023-12-27 19:00', 1, 2, 350.00),
	(5, '2023-12-27 22:00', 1, 1, 350.00),
	(6, '2023-12-27 09:00', 2, 3, 200.00),
	(7, '2023-12-27 12:00', 2, 4, 300.00),
	(8, '2023-12-27 15:00', 2, 5, 300.00),
	(9, '2023-12-27 18:00', 2, 4, 400.00),
	(10, '2023-12-27 21:00', 2, 6, 400.00);

INSERT INTO tickets (session_id, location_id) VALUES
	(1, 2),
	(1, 3),
	(1, 4),
	(1, 7),
	(1, 9),
	(1, 12),

	(2, 4),
	(2, 6),
	(2, 8),
	(2, 10),
	(2, 12),
	(2, 14),
	(2, 16),
	(2, 18),

	(3, 4),
	(3, 8),
	(3, 12),
	(3, 16),
	(3, 20),
	(3, 24),
	(3, 28),
	(3, 32),

	(4, 12),
	(4, 10),
	(4, 8),
	(4, 6),
	(4, 4),
	(4, 2),
	(4, 18),
	(4, 16),

	(5, 10),
	(5, 11),
	(5, 12),
	(5, 13),
	(5, 14),
	(5, 15),
	(5, 16),
	(5, 17),

	(6, 28),
	(6, 19),
	(6, 20),
	(6, 21),
	(6, 22),
	(6, 23),


	(7, 22),
	(7, 33),
	(7, 20),
	(7, 24),
	(7, 28),
	(7, 32),
	(7, 26),

	(8, 34),
	(8, 35),
	(8, 31),
	(8, 25),
	(8, 26),
	(8, 27),
	(8, 28),

	(9, 27),
	(9, 28),
	(9, 19),
	(9, 24),
	(9, 23),

	(10, 22),
	(10, 23),
	(10, 24),
	(10, 34),
	(10, 35),
	(10, 36),
	(10, 27),
	(10, 19),
	(10, 20);