INSERT INTO genres (title) VALUES
    ('Комедия'),
    ('Семейный'),
    ('Фантастика'),
    ('Приключения');

INSERT INTO films (genre_id, title) VALUES
    (1, 'Один дома'),
    (2, 'Джентльмены удачи'),
    (3, 'Звездный путь'),
    (4, 'Пираты карибского моря'),
    (3, 'Звездные войны');

INSERT INTO halls (title) VALUES
    ('Малахитовый зал'),
    ('Рубиновый зал');

INSERT INTO seats (hall_id, row, number) VALUES
    (1, 1, 1),
    (1, 1, 2),
    (1, 1, 3),
    (1, 1, 4),
    (1, 1, 5),
    (1, 1, 6),
    (1, 1, 7),
    (1, 1, 8),
    (1, 2, 1),
    (1, 2, 1),
    (1, 2, 2),
    (1, 2, 3),
    (1, 2, 4),
    (1, 2, 5),
    (1, 2, 6),
    (1, 2, 7),
    (1, 2, 8);

INSERT INTO sessions (hall_id, film_id, date, time) VALUES
    (1, 1, '2023-12-10', '10:00'),
    (1, 1, '2023-12-10', '14:00'),
    (1, 2, '2023-12-10', '12:00'),
    (1, 2, '2023-12-10', '18:00'),
    (1, 3, '2023-12-11', '10:00'),
    (1, 3, '2023-12-11', '12:00'),
    (1, 3, '2023-12-11', '15:00'),
    (1, 3, '2023-12-11', '18:00'),
    (1, 4, '2023-12-12', '10:00'),
    (1, 4, '2023-12-12', '12:00'),
    (1, 4, '2023-12-12', '15:00'),
    (1, 4, '2023-12-12', '18:00');

INSERT INTO prices (session_id, price) VALUES
    (1, 100),
    (2, 100),
    (4, 100),
    (5, 200),
    (6, 500);

INSERT INTO clients (name, phone, birthday) VALUES
    ('Сергей Иванов', '1234567890', '1990-01-01'),
    ('Егор Петров', '11111111', '1980-10-10'),
    ('Ирина Сидорова', '5555555', '1985-12-25');

INSERt INTO tickets (client_id, session_id, seat_id, cost) VALUES
    (1, 1, 1, 100),
    (2, 1, 2, 100),
    (3, 1, 3, 100),
    (NULL, 1, 4, 100),
    (1, 2, 10, 100),
    (2, 2, 11, 100),
    (NULL, 4, 1, 100),
    (NULL, 4, 2, 100),
    (NULL, 4, 3, 100),
    (1, 4, 4, 100),
    (2, 4, 5, 200),
    (NULL, 1, 1, 200),
    (2, 5, 1, 100),
    (3, 5, 2, 200),
    (NULL, 5, 3, 100),
    (NULL, 5, 4, 100),
    (NULL, 5, 5, 300),
    (2, 5, 6, 100),
    (3, 5, 7, 300),
    (NULL, 6, 1, 100),
    (NULL, 6, 2, 100),
    (1, 6, 3, 500),
    (2, 6, 4, 500),
    (NULL, 1, 5, 100),
    (1, 6, 6, 100),
    (2, 6, 7, 500),
    (3, 6, 8, 500),
    (NULL, 6, 9, 100);
