INSERT INTO halls("id", "name")
VALUES (1, 'Красный зал'),
       (2, 'Желтый зал'),
       (3, 'Желтый зал'),
       (4, 'Зеленый зал'),
       (5, 'Зеленый зал'),
       (6, 'Зеленый зал'),
       (7, 'Зеленый зал'),
       (8, 'Зеленый зал'),
       (9, 'Зеленый зал'),
       (10, 'Зеленый зал');

INSERT INTO users(id, name, last_name, password, email)
VALUES (1, 'Vyacheslav', 'Shevchenko', '123456', 'myemail1@vyacheslav.kz'),
       (2, 'User 1', 'Lastname 1', 'password1', 'user1@example.com'),
       (3, 'User 2', 'Lastname 2', 'password2', 'user2@example.com'),
       (4, 'User 3', 'Lastname 3', 'password3', 'user3@example.com'),
       (5, 'User 4', 'Lastname 4', 'password4', 'user4@example.com'),
       (6, 'User 5', 'Lastname 5', 'password5', 'user5@example.com'),
       (7, 'User 6', 'Lastname 6', 'password6', 'user6@example.com'),
       (8, 'User 7', 'Lastname 7', 'password7', 'user7@example.com'),
       (9, 'User 8', 'Lastname 8', 'password8', 'user8@example.com'),
       (10, 'User 9', 'Lastname 9', 'password9', 'user9@example.com'),
       (11, 'User 10', 'Lastname 10', 'password10', 'user10@example.com'),
       (12, 'User 11', 'Lastname 11', 'password11', 'user11@example.com'),
       (13, 'User 12', 'Lastname 12', 'password12', 'user12@example.com'),
       (14, 'User 13', 'Lastname 13', 'password13', 'user13@example.com'),
       (15, 'User 14', 'Lastname 14', 'password14', 'user14@example.com'),
       (16, 'User 15', 'Lastname 15', 'password15', 'user15@example.com'),
       (17, 'User 16', 'Lastname 16', 'password16', 'user16@example.com'),
       (18, 'User 17', 'Lastname 17', 'password17', 'user17@example.com'),
       (19, 'User 18', 'Lastname 18', 'password18', 'user18@example.com'),
       (20, 'User 19', 'Lastname 19', 'password19', 'user19@example.com'),
       (21, 'User 20', 'Lastname 20', 'password20', 'user20@example.com'),
       (22, 'User 21', 'Lastname 21', 'password21', 'user21@example.com'),
       (23, 'User 22', 'Lastname 22', 'password22', 'user22@example.com'),
       (24, 'User 23', 'Lastname 23', 'password23', 'user23@example.com'),
       (25, 'User 24', 'Lastname 24', 'password24', 'user24@example.com'),
       (26, 'User 25', 'Lastname 25', 'password25', 'user25@example.com'),
       (27, 'User 26', 'Lastname 26', 'password26', 'user26@example.com'),
       (28, 'User 27', 'Lastname 27', 'password27', 'user27@example.com'),
       (29, 'User 28', 'Lastname 28', 'password28', 'user28@example.com'),
       (30, 'User 29', 'Lastname 29', 'password29', 'user29@example.com'),
       (31, 'User 30', 'Lastname 30', 'password30', 'user30@example.com'),
       (32, 'User 31', 'Lastname 31', 'password31', 'user31@example.com'),
       (33, 'User 32', 'Lastname 32', 'password32', 'user32@example.com'),
       (34, 'User 33', 'Lastname 33', 'password33', 'user33@example.com'),
       (35, 'User 34', 'Lastname 34', 'password34', 'user34@example.com'),
       (36, 'User 35', 'Lastname 35', 'password35', 'user35@example.com'),
       (37, 'User 36', 'Lastname 36', 'password36', 'user36@example.com'),
       (38, 'User 37', 'Lastname 37', 'password37', 'user37@example.com'),
       (39, 'User 38', 'Lastname 38', 'password38', 'user38@example.com'),
       (40, 'User 39', 'Lastname 39', 'password39', 'user39@example.com'),
       (41, 'User 40', 'Lastname 40', 'password40', 'user40@example.com'),
       (42, 'User 41', 'Lastname 41', 'password41', 'user41@example.com'),
       (43, 'User 42', 'Lastname 42', 'password42', 'user42@example.com'),
       (44, 'User 43', 'Lastname 43', 'password43', 'user43@example.com'),
       (45, 'User 44', 'Lastname 44', 'password44', 'user44@example.com'),
       (46, 'User 45', 'Lastname 45', 'password45', 'user45@example.com'),
       (47, 'User 46', 'Lastname 46', 'password46', 'user46@example.com'),
       (48, 'User 47', 'Lastname 47', 'password47', 'user47@example.com'),
       (49, 'User 48', 'Lastname 48', 'password48', 'user48@example.com'),
       (50, 'User 49', 'Lastname 49', 'password49', 'user49@example.com'),
       (51, 'User 50', 'Lastname 50', 'password50', 'user50@example.com'),
       (52, 'User 51', 'Lastname 51', 'password51', 'user51@example.com'),
       (53, 'User 52', 'Lastname 52', 'password52', 'user52@example.com'),
       (54, 'User 53', 'Lastname 53', 'password53', 'user53@example.com'),
       (55, 'User 54', 'Lastname 54', 'password54', 'user54@example.com'),
       (56, 'User 55', 'Lastname 55', 'password55', 'user55@example.com'),
       (57, 'User 56', 'Lastname 56', 'password56', 'user56@example.com'),
       (58, 'User 57', 'Lastname 57', 'password57', 'user57@example.com'),
       (59, 'User 58', 'Lastname 58', 'password58', 'user58@example.com'),
       (60, 'User 59', 'Lastname 59', 'password59', 'user59@example.com'),
       (61, 'User 60', 'Lastname 60', 'password60', 'user60@example.com'),
       (62, 'User 61', 'Lastname 61', 'password61', 'user61@example.com'),
       (63, 'User 62', 'Lastname 62', 'password62', 'user62@example.com'),
       (64, 'User 63', 'Lastname 63', 'password63', 'user63@example.com'),
       (65, 'User 64', 'Lastname 64', 'password64', 'user64@example.com'),
       (66, 'User 65', 'Lastname 65', 'password65', 'user65@example.com'),
       (67, 'User 66', 'Lastname 66', 'password66', 'user66@example.com'),
       (68, 'User 67', 'Lastname 67', 'password67', 'user67@example.com'),
       (69, 'User 68', 'Lastname 68', 'password68', 'user68@example.com'),
       (70, 'User 69', 'Lastname 69', 'password69', 'user69@example.com'),
       (71, 'User 70', 'Lastname 70', 'password70', 'user70@example.com'),
       (72, 'User 71', 'Lastname 71', 'password71', 'user71@example.com'),
       (73, 'User 72', 'Lastname 72', 'password72', 'user72@example.com'),
       (74, 'User 73', 'Lastname 73', 'password73', 'user73@example.com'),
       (75, 'User 74', 'Lastname 74', 'password74', 'user74@example.com'),
       (76, 'User 75', 'Lastname 75', 'password75', 'user75@example.com'),
       (77, 'User 76', 'Lastname 76', 'password76', 'user76@example.com'),
       (78, 'User 77', 'Lastname 77', 'password77', 'user77@example.com'),
       (79, 'User 78', 'Lastname 78', 'password78', 'user78@example.com'),
       (80, 'User 79', 'Lastname 79', 'password79', 'user79@example.com'),
       (81, 'User 80', 'Lastname 80', 'password80', 'user80@example.com'),
       (82, 'User 81', 'Lastname 81', 'password81', 'user81@example.com'),
       (83, 'User 82', 'Lastname 82', 'password82', 'user82@example.com'),
       (84, 'User 83', 'Lastname 83', 'password83', 'user83@example.com'),
       (85, 'User 84', 'Lastname 84', 'password84', 'user84@example.com'),
       (86, 'User 85', 'Lastname 85', 'password85', 'user85@example.com'),
       (87, 'User 86', 'Lastname 86', 'password86', 'user86@example.com'),
       (88, 'User 87', 'Lastname 87', 'password87', 'user87@example.com'),
       (89, 'User 88', 'Lastname 88', 'password88', 'user88@example.com'),
       (90, 'User 89', 'Lastname 89', 'password89', 'user89@example.com'),
       (91, 'User 90', 'Lastname 90', 'password90', 'user90@example.com'),
       (92, 'User 91', 'Lastname 91', 'password91', 'user91@example.com'),
       (93, 'User 92', 'Lastname 92', 'password92', 'user92@example.com'),
       (94, 'User 93', 'Lastname 93', 'password93', 'user93@example.com'),
       (95, 'User 94', 'Lastname 94', 'password94', 'user94@example.com'),
       (96, 'User 95', 'Lastname 95', 'password95', 'user95@example.com'),
       (97, 'User 96', 'Lastname 96', 'password96', 'user96@example.com'),
       (98, 'User 97', 'Lastname 97', 'password97', 'user97@example.com'),
       (99, 'User 98', 'Lastname 98', 'password98', 'user98@example.com'),
       (100, 'User 99', 'Lastname 99', 'password99', 'user99@example.com');

INSERT INTO seats (hall_id, row_number, place_number)
VALUES (1, 1, 1),
       (1, 1, 2),
       (1, 1, 3),
       (1, 1, 4),
       (1, 1, 5),
       (1, 1, 6),
       (1, 1, 7),
       (1, 1, 8),
       (1, 1, 9),
       (1, 1, 10),
       (1, 2, 1),
       (1, 2, 2),
       (1, 2, 3),
       (1, 2, 4),
       (1, 2, 5),
       (1, 2, 6),
       (1, 2, 7),
       (1, 2, 8),
       (1, 2, 9),
       (1, 2, 10),
       (1, 3, 1),
       (1, 3, 2),
       (1, 3, 3),
       (1, 3, 4),
       (1, 3, 5),
       (1, 3, 6),
       (1, 3, 7),
       (1, 3, 8),
       (1, 3, 9),
       (1, 3, 10),
       (1, 4, 1),
       (1, 4, 2),
       (1, 4, 3),
       (1, 4, 4),
       (1, 4, 5),
       (1, 4, 6),
       (1, 4, 7),
       (1, 4, 8),
       (1, 4, 9),
       (1, 4, 10),
       (1, 5, 1),
       (1, 5, 2),
       (1, 5, 3),
       (1, 5, 4),
       (1, 5, 5),
       (1, 5, 6),
       (1, 5, 7),
       (1, 5, 8),
       (1, 5, 9),
       (1, 5, 10),
       (1, 6, 1),
       (1, 6, 2),
       (1, 6, 3),
       (1, 6, 4),
       (1, 6, 5),
       (1, 6, 6),
       (1, 6, 7),
       (1, 6, 8),
       (1, 6, 9),
       (1, 6, 10),
       (1, 7, 1),
       (1, 7, 2),
       (1, 7, 3),
       (1, 7, 4),
       (1, 7, 5),
       (1, 7, 6),
       (1, 7, 7),
       (1, 7, 8),
       (1, 7, 9),
       (1, 7, 10),
       (1, 8, 1),
       (1, 8, 2),
       (1, 8, 3),
       (1, 8, 4),
       (1, 8, 5),
       (1, 8, 6),
       (1, 8, 7),
       (1, 8, 8),
       (1, 8, 9),
       (1, 8, 10),
       (1, 9, 1),
       (1, 9, 2),
       (1, 9, 3),
       (1, 9, 4),
       (1, 9, 5),
       (1, 9, 6),
       (1, 9, 7),
       (1, 9, 8),
       (1, 9, 9),
       (1, 9, 10),
       (1, 10, 1),
       (1, 10, 2),
       (1, 10, 3),
       (1, 10, 4),
       (1, 10, 5),
       (1, 10, 6),
       (1, 10, 7),
       (1, 10, 8),
       (1, 10, 9),
       (1, 10, 10),
       (1, 11, 1),
       (1, 11, 2),
       (1, 11, 3),
       (1, 11, 4),
       (1, 11, 5),
       (1, 11, 6),
       (1, 11, 7),
       (1, 11, 8),
       (1, 11, 9),
       (1, 11, 10),
       (1, 12, 1),
       (1, 12, 2),
       (1, 12, 3),
       (1, 12, 4),
       (1, 12, 5),
       (1, 12, 6),
       (1, 12, 7),
       (1, 12, 8),
       (1, 12, 9),
       (1, 12, 10),
       (1, 13, 1),
       (1, 13, 2),
       (1, 13, 3),
       (1, 13, 4),
       (1, 13, 5),
       (1, 13, 6),
       (1, 13, 7),
       (1, 13, 8),
       (1, 13, 9),
       (1, 13, 10),
       (1, 14, 1),
       (1, 14, 2),
       (1, 14, 3),
       (1, 14, 4),
       (1, 14, 5),
       (1, 14, 6),
       (1, 14, 7),
       (1, 14, 8),
       (1, 14, 9),
       (1, 14, 10),
       (1, 15, 1),
       (1, 15, 2),
       (1, 15, 3),
       (1, 15, 4),
       (1, 15, 5),
       (1, 15, 6),
       (1, 15, 7),
       (1, 15, 8),
       (1, 15, 9),
       (1, 15, 10),
       (1, 16, 1),
       (1, 16, 2),
       (1, 16, 3),
       (1, 16, 4),
       (1, 16, 5),
       (1, 16, 6),
       (1, 16, 7),
       (1, 16, 8),
       (1, 16, 9),
       (1, 16, 10),
       (1, 17, 1),
       (1, 17, 2),
       (1, 17, 3),
       (1, 17, 4),
       (1, 17, 5),
       (1, 17, 6),
       (1, 17, 7),
       (1, 17, 8),
       (1, 17, 9),
       (1, 17, 10),
       (1, 18, 1),
       (1, 18, 2),
       (1, 18, 3),
       (1, 18, 4),
       (1, 18, 5),
       (1, 18, 6),
       (1, 18, 7),
       (1, 18, 8),
       (1, 18, 9),
       (1, 18, 10),
       (1, 19, 1),
       (1, 19, 2),
       (1, 19, 3),
       (1, 19, 4),
       (1, 19, 5),
       (1, 19, 6),
       (1, 19, 7),
       (1, 19, 8),
       (1, 19, 9),
       (1, 19, 10),
       (1, 20, 1),
       (1, 20, 2),
       (1, 20, 3),
       (1, 20, 4),
       (1, 20, 5),
       (1, 20, 6),
       (1, 20, 7),
       (1, 20, 8),
       (1, 20, 9),
       (1, 20, 10),
       (2, 1, 1),
       (2, 1, 2),
       (2, 1, 3),
       (2, 1, 4),
       (2, 1, 5),
       (2, 1, 6),
       (2, 1, 7),
       (2, 1, 8),
       (2, 1, 9),
       (2, 1, 10),
       (2, 2, 1),
       (2, 2, 2),
       (2, 2, 3),
       (2, 2, 4),
       (2, 2, 5),
       (2, 2, 6),
       (2, 2, 7),
       (2, 2, 8),
       (2, 2, 9),
       (2, 2, 10),
       (2, 3, 1),
       (2, 3, 2),
       (2, 3, 3),
       (2, 3, 4),
       (2, 3, 5),
       (2, 3, 6),
       (2, 3, 7),
       (2, 3, 8),
       (2, 3, 9),
       (2, 3, 10),
       (2, 4, 1),
       (2, 4, 2),
       (2, 4, 3),
       (2, 4, 4),
       (2, 4, 5),
       (2, 4, 6),
       (2, 4, 7),
       (2, 4, 8),
       (2, 4, 9),
       (2, 4, 10),
       (2, 5, 1),
       (2, 5, 2),
       (2, 5, 3),
       (2, 5, 4),
       (2, 5, 5),
       (2, 5, 6),
       (2, 5, 7),
       (2, 5, 8),
       (2, 5, 9),
       (2, 5, 10),
       (2, 6, 1),
       (2, 6, 2),
       (2, 6, 3),
       (2, 6, 4),
       (2, 6, 5),
       (2, 6, 6),
       (2, 6, 7),
       (2, 6, 8),
       (2, 6, 9),
       (2, 6, 10),
       (2, 7, 1),
       (2, 7, 2),
       (2, 7, 3),
       (2, 7, 4),
       (2, 7, 5),
       (2, 7, 6),
       (2, 7, 7),
       (2, 7, 8),
       (2, 7, 9),
       (2, 7, 10),
       (2, 8, 1),
       (2, 8, 2),
       (2, 8, 3),
       (2, 8, 4),
       (2, 8, 5),
       (2, 8, 6),
       (2, 8, 7),
       (2, 8, 8),
       (2, 8, 9),
       (2, 8, 10),
       (2, 9, 1),
       (2, 9, 2),
       (2, 9, 3),
       (2, 9, 4),
       (2, 9, 5),
       (2, 9, 6),
       (2, 9, 7),
       (2, 9, 8),
       (2, 9, 9),
       (2, 9, 10),
       (2, 10, 1),
       (2, 10, 2),
       (2, 10, 3),
       (2, 10, 4),
       (2, 10, 5),
       (2, 10, 6),
       (2, 10, 7),
       (2, 10, 8),
       (2, 10, 9),
       (2, 10, 10),
       (2, 11, 1),
       (2, 11, 2),
       (2, 11, 3),
       (2, 11, 4),
       (2, 11, 5),
       (2, 11, 6),
       (2, 11, 7),
       (2, 11, 8),
       (2, 11, 9),
       (2, 11, 10),
       (2, 12, 1),
       (2, 12, 2),
       (2, 12, 3),
       (2, 12, 4),
       (2, 12, 5),
       (2, 12, 6),
       (2, 12, 7),
       (2, 12, 8),
       (2, 12, 9),
       (2, 12, 10),
       (2, 13, 1),
       (2, 13, 2),
       (2, 13, 3),
       (2, 13, 4),
       (2, 13, 5),
       (2, 13, 6),
       (2, 13, 7),
       (2, 13, 8),
       (2, 13, 9),
       (2, 13, 10),
       (2, 14, 1),
       (2, 14, 2),
       (2, 14, 3),
       (2, 14, 4),
       (2, 14, 5),
       (2, 14, 6),
       (2, 14, 7),
       (2, 14, 8),
       (2, 14, 9),
       (2, 14, 10),
       (2, 15, 1),
       (2, 15, 2),
       (2, 15, 3),
       (2, 15, 4),
       (2, 15, 5),
       (2, 15, 6),
       (2, 15, 7),
       (2, 15, 8),
       (2, 15, 9),
       (2, 15, 10),
       (2, 16, 1),
       (2, 16, 2),
       (2, 16, 3),
       (2, 16, 4),
       (2, 16, 5),
       (2, 16, 6),
       (2, 16, 7),
       (2, 16, 8),
       (2, 16, 9),
       (2, 16, 10),
       (2, 17, 1),
       (2, 17, 2),
       (2, 17, 3),
       (2, 17, 4),
       (2, 17, 5),
       (2, 17, 6),
       (2, 17, 7),
       (2, 17, 8),
       (2, 17, 9),
       (2, 17, 10),
       (2, 18, 1),
       (2, 18, 2),
       (2, 18, 3),
       (2, 18, 4),
       (2, 18, 5),
       (2, 18, 6),
       (2, 18, 7),
       (2, 18, 8),
       (2, 18, 9),
       (2, 18, 10),
       (2, 19, 1),
       (2, 19, 2),
       (2, 19, 3),
       (2, 19, 4),
       (2, 19, 5),
       (2, 19, 6),
       (2, 19, 7),
       (2, 19, 8),
       (2, 19, 9),
       (2, 19, 10),
       (2, 20, 1),
       (2, 20, 2),
       (2, 20, 3),
       (2, 20, 4),
       (2, 20, 5),
       (2, 20, 6),
       (2, 20, 7),
       (2, 20, 8),
       (2, 20, 9),
       (2, 20, 10),
       (3, 1, 1),
       (3, 1, 2),
       (3, 1, 3),
       (3, 1, 4),
       (3, 1, 5),
       (3, 1, 6),
       (3, 1, 7),
       (3, 1, 8),
       (3, 1, 9),
       (3, 1, 10),
       (3, 2, 1),
       (3, 2, 2),
       (3, 2, 3),
       (3, 2, 4),
       (3, 2, 5),
       (3, 2, 6),
       (3, 2, 7),
       (3, 2, 8),
       (3, 2, 9),
       (3, 2, 10),
       (3, 3, 1),
       (3, 3, 2),
       (3, 3, 3),
       (3, 3, 4),
       (3, 3, 5),
       (3, 3, 6),
       (3, 3, 7),
       (3, 3, 8),
       (3, 3, 9),
       (3, 3, 10),
       (3, 4, 1),
       (3, 4, 2),
       (3, 4, 3),
       (3, 4, 4),
       (3, 4, 5),
       (3, 4, 6),
       (3, 4, 7),
       (3, 4, 8),
       (3, 4, 9),
       (3, 4, 10),
       (3, 5, 1),
       (3, 5, 2),
       (3, 5, 3),
       (3, 5, 4),
       (3, 5, 5),
       (3, 5, 6),
       (3, 5, 7),
       (3, 5, 8),
       (3, 5, 9),
       (3, 5, 10),
       (3, 6, 1),
       (3, 6, 2),
       (3, 6, 3),
       (3, 6, 4),
       (3, 6, 5),
       (3, 6, 6),
       (3, 6, 7),
       (3, 6, 8),
       (3, 6, 9),
       (3, 6, 10),
       (3, 7, 1),
       (3, 7, 2),
       (3, 7, 3),
       (3, 7, 4),
       (3, 7, 5),
       (3, 7, 6),
       (3, 7, 7),
       (3, 7, 8),
       (3, 7, 9),
       (3, 7, 10),
       (3, 8, 1),
       (3, 8, 2),
       (3, 8, 3),
       (3, 8, 4),
       (3, 8, 5),
       (3, 8, 6),
       (3, 8, 7),
       (3, 8, 8),
       (3, 8, 9),
       (3, 8, 10),
       (3, 9, 1),
       (3, 9, 2),
       (3, 9, 3),
       (3, 9, 4),
       (3, 9, 5),
       (3, 9, 6),
       (3, 9, 7),
       (3, 9, 8),
       (3, 9, 9),
       (3, 9, 10),
       (3, 10, 1),
       (3, 10, 2),
       (3, 10, 3),
       (3, 10, 4),
       (3, 10, 5),
       (3, 10, 6),
       (3, 10, 7),
       (3, 10, 8),
       (3, 10, 9),
       (3, 10, 10),
       (3, 11, 1),
       (3, 11, 2),
       (3, 11, 3),
       (3, 11, 4),
       (3, 11, 5),
       (3, 11, 6),
       (3, 11, 7),
       (3, 11, 8),
       (3, 11, 9),
       (3, 11, 10),
       (3, 12, 1),
       (3, 12, 2),
       (3, 12, 3),
       (3, 12, 4),
       (3, 12, 5),
       (3, 12, 6),
       (3, 12, 7),
       (3, 12, 8),
       (3, 12, 9),
       (3, 12, 10),
       (3, 13, 1),
       (3, 13, 2),
       (3, 13, 3),
       (3, 13, 4),
       (3, 13, 5),
       (3, 13, 6),
       (3, 13, 7),
       (3, 13, 8),
       (3, 13, 9),
       (3, 13, 10),
       (3, 14, 1),
       (3, 14, 2),
       (3, 14, 3),
       (3, 14, 4),
       (3, 14, 5),
       (3, 14, 6),
       (3, 14, 7),
       (3, 14, 8),
       (3, 14, 9),
       (3, 14, 10),
       (3, 15, 1),
       (3, 15, 2),
       (3, 15, 3),
       (3, 15, 4),
       (3, 15, 5),
       (3, 15, 6),
       (3, 15, 7),
       (3, 15, 8),
       (3, 15, 9),
       (3, 15, 10),
       (3, 16, 1),
       (3, 16, 2),
       (3, 16, 3),
       (3, 16, 4),
       (3, 16, 5),
       (3, 16, 6),
       (3, 16, 7),
       (3, 16, 8),
       (3, 16, 9),
       (3, 16, 10),
       (3, 17, 1),
       (3, 17, 2),
       (3, 17, 3),
       (3, 17, 4),
       (3, 17, 5),
       (3, 17, 6),
       (3, 17, 7),
       (3, 17, 8),
       (3, 17, 9),
       (3, 17, 10),
       (3, 18, 1),
       (3, 18, 2),
       (3, 18, 3),
       (3, 18, 4),
       (3, 18, 5),
       (3, 18, 6),
       (3, 18, 7),
       (3, 18, 8),
       (3, 18, 9),
       (3, 18, 10),
       (3, 19, 1),
       (3, 19, 2),
       (3, 19, 3),
       (3, 19, 4),
       (3, 19, 5),
       (3, 19, 6),
       (3, 19, 7),
       (3, 19, 8),
       (3, 19, 9),
       (3, 19, 10),
       (3, 20, 1),
       (3, 20, 2),
       (3, 20, 3),
       (3, 20, 4),
       (3, 20, 5),
       (3, 20, 6),
       (3, 20, 7),
       (3, 20, 8),
       (3, 20, 9),
       (3, 20, 10),
       (4, 1, 1),
       (4, 1, 2),
       (4, 1, 3),
       (4, 1, 4),
       (4, 1, 5),
       (4, 1, 6),
       (4, 1, 7),
       (4, 1, 8),
       (4, 1, 9),
       (4, 1, 10),
       (4, 2, 1),
       (4, 2, 2),
       (4, 2, 3),
       (4, 2, 4),
       (4, 2, 5),
       (4, 2, 6),
       (4, 2, 7),
       (4, 2, 8),
       (4, 2, 9),
       (4, 2, 10),
       (4, 3, 1),
       (4, 3, 2),
       (4, 3, 3),
       (4, 3, 4),
       (4, 3, 5),
       (4, 3, 6),
       (4, 3, 7),
       (4, 3, 8),
       (4, 3, 9),
       (4, 3, 10),
       (4, 4, 1),
       (4, 4, 2),
       (4, 4, 3),
       (4, 4, 4),
       (4, 4, 5),
       (4, 4, 6),
       (4, 4, 7),
       (4, 4, 8),
       (4, 4, 9),
       (4, 4, 10),
       (4, 5, 1),
       (4, 5, 2),
       (4, 5, 3),
       (4, 5, 4),
       (4, 5, 5),
       (4, 5, 6),
       (4, 5, 7),
       (4, 5, 8),
       (4, 5, 9),
       (4, 5, 10),
       (4, 6, 1),
       (4, 6, 2),
       (4, 6, 3),
       (4, 6, 4),
       (4, 6, 5),
       (4, 6, 6),
       (4, 6, 7),
       (4, 6, 8),
       (4, 6, 9),
       (4, 6, 10),
       (4, 7, 1),
       (4, 7, 2),
       (4, 7, 3),
       (4, 7, 4),
       (4, 7, 5),
       (4, 7, 6),
       (4, 7, 7),
       (4, 7, 8),
       (4, 7, 9),
       (4, 7, 10),
       (4, 8, 1),
       (4, 8, 2),
       (4, 8, 3),
       (4, 8, 4),
       (4, 8, 5),
       (4, 8, 6),
       (4, 8, 7),
       (4, 8, 8),
       (4, 8, 9),
       (4, 8, 10),
       (4, 9, 1),
       (4, 9, 2),
       (4, 9, 3),
       (4, 9, 4),
       (4, 9, 5),
       (4, 9, 6),
       (4, 9, 7),
       (4, 9, 8),
       (4, 9, 9),
       (4, 9, 10),
       (4, 10, 1),
       (4, 10, 2),
       (4, 10, 3),
       (4, 10, 4),
       (4, 10, 5),
       (4, 10, 6),
       (4, 10, 7),
       (4, 10, 8),
       (4, 10, 9),
       (4, 10, 10),
       (4, 11, 1),
       (4, 11, 2),
       (4, 11, 3),
       (4, 11, 4),
       (4, 11, 5),
       (4, 11, 6),
       (4, 11, 7),
       (4, 11, 8),
       (4, 11, 9),
       (4, 11, 10),
       (4, 12, 1),
       (4, 12, 2),
       (4, 12, 3),
       (4, 12, 4),
       (4, 12, 5),
       (4, 12, 6),
       (4, 12, 7),
       (4, 12, 8),
       (4, 12, 9),
       (4, 12, 10),
       (4, 13, 1),
       (4, 13, 2),
       (4, 13, 3),
       (4, 13, 4),
       (4, 13, 5),
       (4, 13, 6),
       (4, 13, 7),
       (4, 13, 8),
       (4, 13, 9),
       (4, 13, 10),
       (4, 14, 1),
       (4, 14, 2),
       (4, 14, 3),
       (4, 14, 4),
       (4, 14, 5),
       (4, 14, 6),
       (4, 14, 7),
       (4, 14, 8),
       (4, 14, 9),
       (4, 14, 10),
       (4, 15, 1),
       (4, 15, 2),
       (4, 15, 3),
       (4, 15, 4),
       (4, 15, 5),
       (4, 15, 6),
       (4, 15, 7),
       (4, 15, 8),
       (4, 15, 9),
       (4, 15, 10),
       (4, 16, 1),
       (4, 16, 2),
       (4, 16, 3),
       (4, 16, 4),
       (4, 16, 5),
       (4, 16, 6),
       (4, 16, 7),
       (4, 16, 8),
       (4, 16, 9),
       (4, 16, 10),
       (4, 17, 1),
       (4, 17, 2),
       (4, 17, 3),
       (4, 17, 4),
       (4, 17, 5),
       (4, 17, 6),
       (4, 17, 7),
       (4, 17, 8),
       (4, 17, 9),
       (4, 17, 10),
       (4, 18, 1),
       (4, 18, 2),
       (4, 18, 3),
       (4, 18, 4),
       (4, 18, 5),
       (4, 18, 6),
       (4, 18, 7),
       (4, 18, 8),
       (4, 18, 9),
       (4, 18, 10),
       (4, 19, 1),
       (4, 19, 2),
       (4, 19, 3),
       (4, 19, 4),
       (4, 19, 5),
       (4, 19, 6),
       (4, 19, 7),
       (4, 19, 8),
       (4, 19, 9),
       (4, 19, 10),
       (4, 20, 1),
       (4, 20, 2),
       (4, 20, 3),
       (4, 20, 4),
       (4, 20, 5),
       (4, 20, 6),
       (4, 20, 7),
       (4, 20, 8),
       (4, 20, 9),
       (4, 20, 10),
       (5, 1, 1),
       (5, 1, 2),
       (5, 1, 3),
       (5, 1, 4),
       (5, 1, 5),
       (5, 1, 6),
       (5, 1, 7),
       (5, 1, 8),
       (5, 1, 9),
       (5, 1, 10),
       (5, 2, 1),
       (5, 2, 2),
       (5, 2, 3),
       (5, 2, 4),
       (5, 2, 5),
       (5, 2, 6),
       (5, 2, 7),
       (5, 2, 8),
       (5, 2, 9),
       (5, 2, 10),
       (5, 3, 1),
       (5, 3, 2),
       (5, 3, 3),
       (5, 3, 4),
       (5, 3, 5),
       (5, 3, 6),
       (5, 3, 7),
       (5, 3, 8),
       (5, 3, 9),
       (5, 3, 10),
       (5, 4, 1),
       (5, 4, 2),
       (5, 4, 3),
       (5, 4, 4),
       (5, 4, 5),
       (5, 4, 6),
       (5, 4, 7),
       (5, 4, 8),
       (5, 4, 9),
       (5, 4, 10),
       (5, 5, 1),
       (5, 5, 2),
       (5, 5, 3),
       (5, 5, 4),
       (5, 5, 5),
       (5, 5, 6),
       (5, 5, 7),
       (5, 5, 8),
       (5, 5, 9),
       (5, 5, 10),
       (5, 6, 1),
       (5, 6, 2),
       (5, 6, 3),
       (5, 6, 4),
       (5, 6, 5),
       (5, 6, 6),
       (5, 6, 7),
       (5, 6, 8),
       (5, 6, 9),
       (5, 6, 10),
       (5, 7, 1),
       (5, 7, 2),
       (5, 7, 3),
       (5, 7, 4),
       (5, 7, 5),
       (5, 7, 6),
       (5, 7, 7),
       (5, 7, 8),
       (5, 7, 9),
       (5, 7, 10),
       (5, 8, 1),
       (5, 8, 2),
       (5, 8, 3),
       (5, 8, 4),
       (5, 8, 5),
       (5, 8, 6),
       (5, 8, 7),
       (5, 8, 8),
       (5, 8, 9),
       (5, 8, 10),
       (5, 9, 1),
       (5, 9, 2),
       (5, 9, 3),
       (5, 9, 4),
       (5, 9, 5),
       (5, 9, 6),
       (5, 9, 7),
       (5, 9, 8),
       (5, 9, 9),
       (5, 9, 10),
       (5, 10, 1),
       (5, 10, 2),
       (5, 10, 3),
       (5, 10, 4),
       (5, 10, 5),
       (5, 10, 6),
       (5, 10, 7),
       (5, 10, 8),
       (5, 10, 9),
       (5, 10, 10),
       (5, 11, 1),
       (5, 11, 2),
       (5, 11, 3),
       (5, 11, 4),
       (5, 11, 5),
       (5, 11, 6),
       (5, 11, 7),
       (5, 11, 8),
       (5, 11, 9),
       (5, 11, 10),
       (5, 12, 1),
       (5, 12, 2),
       (5, 12, 3),
       (5, 12, 4),
       (5, 12, 5),
       (5, 12, 6),
       (5, 12, 7),
       (5, 12, 8),
       (5, 12, 9),
       (5, 12, 10),
       (5, 13, 1),
       (5, 13, 2),
       (5, 13, 3),
       (5, 13, 4),
       (5, 13, 5),
       (5, 13, 6),
       (5, 13, 7),
       (5, 13, 8),
       (5, 13, 9),
       (5, 13, 10),
       (5, 14, 1),
       (5, 14, 2),
       (5, 14, 3),
       (5, 14, 4),
       (5, 14, 5),
       (5, 14, 6),
       (5, 14, 7),
       (5, 14, 8),
       (5, 14, 9),
       (5, 14, 10),
       (5, 15, 1),
       (5, 15, 2),
       (5, 15, 3),
       (5, 15, 4),
       (5, 15, 5),
       (5, 15, 6),
       (5, 15, 7),
       (5, 15, 8),
       (5, 15, 9),
       (5, 15, 10),
       (5, 16, 1),
       (5, 16, 2),
       (5, 16, 3),
       (5, 16, 4),
       (5, 16, 5),
       (5, 16, 6),
       (5, 16, 7),
       (5, 16, 8),
       (5, 16, 9),
       (5, 16, 10),
       (5, 17, 1),
       (5, 17, 2),
       (5, 17, 3),
       (5, 17, 4),
       (5, 17, 5),
       (5, 17, 6),
       (5, 17, 7),
       (5, 17, 8),
       (5, 17, 9),
       (5, 17, 10),
       (5, 18, 1),
       (5, 18, 2),
       (5, 18, 3),
       (5, 18, 4),
       (5, 18, 5),
       (5, 18, 6),
       (5, 18, 7),
       (5, 18, 8),
       (5, 18, 9),
       (5, 18, 10),
       (5, 19, 1),
       (5, 19, 2),
       (5, 19, 3),
       (5, 19, 4),
       (5, 19, 5),
       (5, 19, 6),
       (5, 19, 7),
       (5, 19, 8),
       (5, 19, 9),
       (5, 19, 10),
       (5, 20, 1),
       (5, 20, 2),
       (5, 20, 3),
       (5, 20, 4),
       (5, 20, 5),
       (5, 20, 6),
       (5, 20, 7),
       (5, 20, 8),
       (5, 20, 9),
       (5, 20, 10),
       (6, 1, 1),
       (6, 1, 2),
       (6, 1, 3),
       (6, 1, 4),
       (6, 1, 5),
       (6, 1, 6),
       (6, 1, 7),
       (6, 1, 8),
       (6, 1, 9),
       (6, 1, 10),
       (6, 2, 1),
       (6, 2, 2),
       (6, 2, 3),
       (6, 2, 4),
       (6, 2, 5),
       (6, 2, 6),
       (6, 2, 7),
       (6, 2, 8),
       (6, 2, 9),
       (6, 2, 10),
       (6, 3, 1),
       (6, 3, 2),
       (6, 3, 3),
       (6, 3, 4),
       (6, 3, 5),
       (6, 3, 6),
       (6, 3, 7),
       (6, 3, 8),
       (6, 3, 9),
       (6, 3, 10),
       (6, 4, 1),
       (6, 4, 2),
       (6, 4, 3),
       (6, 4, 4),
       (6, 4, 5),
       (6, 4, 6),
       (6, 4, 7),
       (6, 4, 8),
       (6, 4, 9),
       (6, 4, 10),
       (6, 5, 1),
       (6, 5, 2),
       (6, 5, 3),
       (6, 5, 4),
       (6, 5, 5),
       (6, 5, 6),
       (6, 5, 7),
       (6, 5, 8),
       (6, 5, 9),
       (6, 5, 10),
       (6, 6, 1),
       (6, 6, 2),
       (6, 6, 3),
       (6, 6, 4),
       (6, 6, 5),
       (6, 6, 6),
       (6, 6, 7),
       (6, 6, 8),
       (6, 6, 9),
       (6, 6, 10),
       (6, 7, 1),
       (6, 7, 2),
       (6, 7, 3),
       (6, 7, 4),
       (6, 7, 5),
       (6, 7, 6),
       (6, 7, 7),
       (6, 7, 8),
       (6, 7, 9),
       (6, 7, 10),
       (6, 8, 1),
       (6, 8, 2),
       (6, 8, 3),
       (6, 8, 4),
       (6, 8, 5),
       (6, 8, 6),
       (6, 8, 7),
       (6, 8, 8),
       (6, 8, 9),
       (6, 8, 10),
       (6, 9, 1),
       (6, 9, 2),
       (6, 9, 3),
       (6, 9, 4),
       (6, 9, 5),
       (6, 9, 6),
       (6, 9, 7),
       (6, 9, 8),
       (6, 9, 9),
       (6, 9, 10),
       (6, 10, 1),
       (6, 10, 2),
       (6, 10, 3),
       (6, 10, 4),
       (6, 10, 5),
       (6, 10, 6),
       (6, 10, 7),
       (6, 10, 8),
       (6, 10, 9),
       (6, 10, 10),
       (6, 11, 1),
       (6, 11, 2),
       (6, 11, 3),
       (6, 11, 4),
       (6, 11, 5),
       (6, 11, 6),
       (6, 11, 7),
       (6, 11, 8),
       (6, 11, 9),
       (6, 11, 10),
       (6, 12, 1),
       (6, 12, 2),
       (6, 12, 3),
       (6, 12, 4),
       (6, 12, 5),
       (6, 12, 6),
       (6, 12, 7),
       (6, 12, 8),
       (6, 12, 9),
       (6, 12, 10),
       (6, 13, 1),
       (6, 13, 2),
       (6, 13, 3),
       (6, 13, 4),
       (6, 13, 5),
       (6, 13, 6),
       (6, 13, 7),
       (6, 13, 8),
       (6, 13, 9),
       (6, 13, 10),
       (6, 14, 1),
       (6, 14, 2),
       (6, 14, 3),
       (6, 14, 4),
       (6, 14, 5),
       (6, 14, 6),
       (6, 14, 7),
       (6, 14, 8),
       (6, 14, 9),
       (6, 14, 10),
       (6, 15, 1),
       (6, 15, 2),
       (6, 15, 3),
       (6, 15, 4),
       (6, 15, 5),
       (6, 15, 6),
       (6, 15, 7),
       (6, 15, 8),
       (6, 15, 9),
       (6, 15, 10),
       (6, 16, 1),
       (6, 16, 2),
       (6, 16, 3),
       (6, 16, 4),
       (6, 16, 5),
       (6, 16, 6),
       (6, 16, 7),
       (6, 16, 8),
       (6, 16, 9),
       (6, 16, 10),
       (6, 17, 1),
       (6, 17, 2),
       (6, 17, 3),
       (6, 17, 4),
       (6, 17, 5),
       (6, 17, 6),
       (6, 17, 7),
       (6, 17, 8),
       (6, 17, 9),
       (6, 17, 10),
       (6, 18, 1),
       (6, 18, 2),
       (6, 18, 3),
       (6, 18, 4),
       (6, 18, 5),
       (6, 18, 6),
       (6, 18, 7),
       (6, 18, 8),
       (6, 18, 9),
       (6, 18, 10),
       (6, 19, 1),
       (6, 19, 2),
       (6, 19, 3),
       (6, 19, 4),
       (6, 19, 5),
       (6, 19, 6),
       (6, 19, 7),
       (6, 19, 8),
       (6, 19, 9),
       (6, 19, 10),
       (6, 20, 1),
       (6, 20, 2),
       (6, 20, 3),
       (6, 20, 4),
       (6, 20, 5),
       (6, 20, 6),
       (6, 20, 7),
       (6, 20, 8),
       (6, 20, 9),
       (6, 20, 10),
       (7, 1, 1),
       (7, 1, 2),
       (7, 1, 3),
       (7, 1, 4),
       (7, 1, 5),
       (7, 1, 6),
       (7, 1, 7),
       (7, 1, 8),
       (7, 1, 9),
       (7, 1, 10),
       (7, 2, 1),
       (7, 2, 2),
       (7, 2, 3),
       (7, 2, 4),
       (7, 2, 5),
       (7, 2, 6),
       (7, 2, 7),
       (7, 2, 8),
       (7, 2, 9),
       (7, 2, 10),
       (7, 3, 1),
       (7, 3, 2),
       (7, 3, 3),
       (7, 3, 4),
       (7, 3, 5),
       (7, 3, 6),
       (7, 3, 7),
       (7, 3, 8),
       (7, 3, 9),
       (7, 3, 10),
       (7, 4, 1),
       (7, 4, 2),
       (7, 4, 3),
       (7, 4, 4),
       (7, 4, 5),
       (7, 4, 6),
       (7, 4, 7),
       (7, 4, 8),
       (7, 4, 9),
       (7, 4, 10),
       (7, 5, 1),
       (7, 5, 2),
       (7, 5, 3),
       (7, 5, 4),
       (7, 5, 5),
       (7, 5, 6),
       (7, 5, 7),
       (7, 5, 8),
       (7, 5, 9),
       (7, 5, 10),
       (7, 6, 1),
       (7, 6, 2),
       (7, 6, 3),
       (7, 6, 4),
       (7, 6, 5),
       (7, 6, 6),
       (7, 6, 7),
       (7, 6, 8),
       (7, 6, 9),
       (7, 6, 10),
       (7, 7, 1),
       (7, 7, 2),
       (7, 7, 3),
       (7, 7, 4),
       (7, 7, 5),
       (7, 7, 6),
       (7, 7, 7),
       (7, 7, 8),
       (7, 7, 9),
       (7, 7, 10),
       (7, 8, 1),
       (7, 8, 2),
       (7, 8, 3),
       (7, 8, 4),
       (7, 8, 5),
       (7, 8, 6),
       (7, 8, 7),
       (7, 8, 8),
       (7, 8, 9),
       (7, 8, 10),
       (7, 9, 1),
       (7, 9, 2),
       (7, 9, 3),
       (7, 9, 4),
       (7, 9, 5),
       (7, 9, 6),
       (7, 9, 7),
       (7, 9, 8),
       (7, 9, 9),
       (7, 9, 10),
       (7, 10, 1),
       (7, 10, 2),
       (7, 10, 3),
       (7, 10, 4),
       (7, 10, 5),
       (7, 10, 6),
       (7, 10, 7),
       (7, 10, 8),
       (7, 10, 9),
       (7, 10, 10),
       (7, 11, 1),
       (7, 11, 2),
       (7, 11, 3),
       (7, 11, 4),
       (7, 11, 5),
       (7, 11, 6),
       (7, 11, 7),
       (7, 11, 8),
       (7, 11, 9),
       (7, 11, 10),
       (7, 12, 1),
       (7, 12, 2),
       (7, 12, 3),
       (7, 12, 4),
       (7, 12, 5),
       (7, 12, 6),
       (7, 12, 7),
       (7, 12, 8),
       (7, 12, 9),
       (7, 12, 10),
       (7, 13, 1),
       (7, 13, 2),
       (7, 13, 3),
       (7, 13, 4),
       (7, 13, 5),
       (7, 13, 6),
       (7, 13, 7),
       (7, 13, 8),
       (7, 13, 9),
       (7, 13, 10),
       (7, 14, 1),
       (7, 14, 2),
       (7, 14, 3),
       (7, 14, 4),
       (7, 14, 5),
       (7, 14, 6),
       (7, 14, 7),
       (7, 14, 8),
       (7, 14, 9),
       (7, 14, 10),
       (7, 15, 1),
       (7, 15, 2),
       (7, 15, 3),
       (7, 15, 4),
       (7, 15, 5),
       (7, 15, 6),
       (7, 15, 7),
       (7, 15, 8),
       (7, 15, 9),
       (7, 15, 10),
       (7, 16, 1),
       (7, 16, 2),
       (7, 16, 3),
       (7, 16, 4),
       (7, 16, 5),
       (7, 16, 6),
       (7, 16, 7),
       (7, 16, 8),
       (7, 16, 9),
       (7, 16, 10),
       (7, 17, 1),
       (7, 17, 2),
       (7, 17, 3),
       (7, 17, 4),
       (7, 17, 5),
       (7, 17, 6),
       (7, 17, 7),
       (7, 17, 8),
       (7, 17, 9),
       (7, 17, 10),
       (7, 18, 1),
       (7, 18, 2),
       (7, 18, 3),
       (7, 18, 4),
       (7, 18, 5),
       (7, 18, 6),
       (7, 18, 7),
       (7, 18, 8),
       (7, 18, 9),
       (7, 18, 10),
       (7, 19, 1),
       (7, 19, 2),
       (7, 19, 3),
       (7, 19, 4),
       (7, 19, 5),
       (7, 19, 6),
       (7, 19, 7),
       (7, 19, 8),
       (7, 19, 9),
       (7, 19, 10),
       (7, 20, 1),
       (7, 20, 2),
       (7, 20, 3),
       (7, 20, 4),
       (7, 20, 5),
       (7, 20, 6),
       (7, 20, 7),
       (7, 20, 8),
       (7, 20, 9),
       (7, 20, 10),
       (8, 1, 1),
       (8, 1, 2),
       (8, 1, 3),
       (8, 1, 4),
       (8, 1, 5),
       (8, 1, 6),
       (8, 1, 7),
       (8, 1, 8),
       (8, 1, 9),
       (8, 1, 10),
       (8, 2, 1),
       (8, 2, 2),
       (8, 2, 3),
       (8, 2, 4),
       (8, 2, 5),
       (8, 2, 6),
       (8, 2, 7),
       (8, 2, 8),
       (8, 2, 9),
       (8, 2, 10),
       (8, 3, 1),
       (8, 3, 2),
       (8, 3, 3),
       (8, 3, 4),
       (8, 3, 5),
       (8, 3, 6),
       (8, 3, 7),
       (8, 3, 8),
       (8, 3, 9),
       (8, 3, 10),
       (8, 4, 1),
       (8, 4, 2),
       (8, 4, 3),
       (8, 4, 4),
       (8, 4, 5),
       (8, 4, 6),
       (8, 4, 7),
       (8, 4, 8),
       (8, 4, 9),
       (8, 4, 10),
       (8, 5, 1),
       (8, 5, 2),
       (8, 5, 3),
       (8, 5, 4),
       (8, 5, 5),
       (8, 5, 6),
       (8, 5, 7),
       (8, 5, 8),
       (8, 5, 9),
       (8, 5, 10),
       (8, 6, 1),
       (8, 6, 2),
       (8, 6, 3),
       (8, 6, 4),
       (8, 6, 5),
       (8, 6, 6),
       (8, 6, 7),
       (8, 6, 8),
       (8, 6, 9),
       (8, 6, 10),
       (8, 7, 1),
       (8, 7, 2),
       (8, 7, 3),
       (8, 7, 4),
       (8, 7, 5),
       (8, 7, 6),
       (8, 7, 7),
       (8, 7, 8),
       (8, 7, 9),
       (8, 7, 10),
       (8, 8, 1),
       (8, 8, 2),
       (8, 8, 3),
       (8, 8, 4),
       (8, 8, 5),
       (8, 8, 6),
       (8, 8, 7),
       (8, 8, 8),
       (8, 8, 9),
       (8, 8, 10),
       (8, 9, 1),
       (8, 9, 2),
       (8, 9, 3),
       (8, 9, 4),
       (8, 9, 5),
       (8, 9, 6),
       (8, 9, 7),
       (8, 9, 8),
       (8, 9, 9),
       (8, 9, 10),
       (8, 10, 1),
       (8, 10, 2),
       (8, 10, 3),
       (8, 10, 4),
       (8, 10, 5),
       (8, 10, 6),
       (8, 10, 7),
       (8, 10, 8),
       (8, 10, 9),
       (8, 10, 10),
       (8, 11, 1),
       (8, 11, 2),
       (8, 11, 3),
       (8, 11, 4),
       (8, 11, 5),
       (8, 11, 6),
       (8, 11, 7),
       (8, 11, 8),
       (8, 11, 9),
       (8, 11, 10),
       (8, 12, 1),
       (8, 12, 2),
       (8, 12, 3),
       (8, 12, 4),
       (8, 12, 5),
       (8, 12, 6),
       (8, 12, 7),
       (8, 12, 8),
       (8, 12, 9),
       (8, 12, 10),
       (8, 13, 1),
       (8, 13, 2),
       (8, 13, 3),
       (8, 13, 4),
       (8, 13, 5),
       (8, 13, 6),
       (8, 13, 7),
       (8, 13, 8),
       (8, 13, 9),
       (8, 13, 10),
       (8, 14, 1),
       (8, 14, 2),
       (8, 14, 3),
       (8, 14, 4),
       (8, 14, 5),
       (8, 14, 6),
       (8, 14, 7),
       (8, 14, 8),
       (8, 14, 9),
       (8, 14, 10),
       (8, 15, 1),
       (8, 15, 2),
       (8, 15, 3),
       (8, 15, 4),
       (8, 15, 5),
       (8, 15, 6),
       (8, 15, 7),
       (8, 15, 8),
       (8, 15, 9),
       (8, 15, 10),
       (8, 16, 1),
       (8, 16, 2),
       (8, 16, 3),
       (8, 16, 4),
       (8, 16, 5),
       (8, 16, 6),
       (8, 16, 7),
       (8, 16, 8),
       (8, 16, 9),
       (8, 16, 10),
       (8, 17, 1),
       (8, 17, 2),
       (8, 17, 3),
       (8, 17, 4),
       (8, 17, 5),
       (8, 17, 6),
       (8, 17, 7),
       (8, 17, 8),
       (8, 17, 9),
       (8, 17, 10),
       (8, 18, 1),
       (8, 18, 2),
       (8, 18, 3),
       (8, 18, 4),
       (8, 18, 5),
       (8, 18, 6),
       (8, 18, 7),
       (8, 18, 8),
       (8, 18, 9),
       (8, 18, 10),
       (8, 19, 1),
       (8, 19, 2),
       (8, 19, 3),
       (8, 19, 4),
       (8, 19, 5),
       (8, 19, 6),
       (8, 19, 7),
       (8, 19, 8),
       (8, 19, 9),
       (8, 19, 10),
       (8, 20, 1),
       (8, 20, 2),
       (8, 20, 3),
       (8, 20, 4),
       (8, 20, 5),
       (8, 20, 6),
       (8, 20, 7),
       (8, 20, 8),
       (8, 20, 9),
       (8, 20, 10),
       (9, 1, 1),
       (9, 1, 2),
       (9, 1, 3),
       (9, 1, 4),
       (9, 1, 5),
       (9, 1, 6),
       (9, 1, 7),
       (9, 1, 8),
       (9, 1, 9),
       (9, 1, 10),
       (9, 2, 1),
       (9, 2, 2),
       (9, 2, 3),
       (9, 2, 4),
       (9, 2, 5),
       (9, 2, 6),
       (9, 2, 7),
       (9, 2, 8),
       (9, 2, 9),
       (9, 2, 10),
       (9, 3, 1),
       (9, 3, 2),
       (9, 3, 3),
       (9, 3, 4),
       (9, 3, 5),
       (9, 3, 6),
       (9, 3, 7),
       (9, 3, 8),
       (9, 3, 9),
       (9, 3, 10),
       (9, 4, 1),
       (9, 4, 2),
       (9, 4, 3),
       (9, 4, 4),
       (9, 4, 5),
       (9, 4, 6),
       (9, 4, 7),
       (9, 4, 8),
       (9, 4, 9),
       (9, 4, 10),
       (9, 5, 1),
       (9, 5, 2),
       (9, 5, 3),
       (9, 5, 4),
       (9, 5, 5),
       (9, 5, 6),
       (9, 5, 7),
       (9, 5, 8),
       (9, 5, 9),
       (9, 5, 10),
       (9, 6, 1),
       (9, 6, 2),
       (9, 6, 3),
       (9, 6, 4),
       (9, 6, 5),
       (9, 6, 6),
       (9, 6, 7),
       (9, 6, 8),
       (9, 6, 9),
       (9, 6, 10),
       (9, 7, 1),
       (9, 7, 2),
       (9, 7, 3),
       (9, 7, 4),
       (9, 7, 5),
       (9, 7, 6),
       (9, 7, 7),
       (9, 7, 8),
       (9, 7, 9),
       (9, 7, 10),
       (9, 8, 1),
       (9, 8, 2),
       (9, 8, 3),
       (9, 8, 4),
       (9, 8, 5),
       (9, 8, 6),
       (9, 8, 7),
       (9, 8, 8),
       (9, 8, 9),
       (9, 8, 10),
       (9, 9, 1),
       (9, 9, 2),
       (9, 9, 3),
       (9, 9, 4),
       (9, 9, 5),
       (9, 9, 6),
       (9, 9, 7),
       (9, 9, 8),
       (9, 9, 9),
       (9, 9, 10),
       (9, 10, 1),
       (9, 10, 2),
       (9, 10, 3),
       (9, 10, 4),
       (9, 10, 5),
       (9, 10, 6),
       (9, 10, 7),
       (9, 10, 8),
       (9, 10, 9),
       (9, 10, 10),
       (9, 11, 1),
       (9, 11, 2),
       (9, 11, 3),
       (9, 11, 4),
       (9, 11, 5),
       (9, 11, 6),
       (9, 11, 7),
       (9, 11, 8),
       (9, 11, 9),
       (9, 11, 10),
       (9, 12, 1),
       (9, 12, 2),
       (9, 12, 3),
       (9, 12, 4),
       (9, 12, 5),
       (9, 12, 6),
       (9, 12, 7),
       (9, 12, 8),
       (9, 12, 9),
       (9, 12, 10),
       (9, 13, 1),
       (9, 13, 2),
       (9, 13, 3),
       (9, 13, 4),
       (9, 13, 5),
       (9, 13, 6),
       (9, 13, 7),
       (9, 13, 8),
       (9, 13, 9),
       (9, 13, 10),
       (9, 14, 1),
       (9, 14, 2),
       (9, 14, 3),
       (9, 14, 4),
       (9, 14, 5),
       (9, 14, 6),
       (9, 14, 7),
       (9, 14, 8),
       (9, 14, 9),
       (9, 14, 10),
       (9, 15, 1),
       (9, 15, 2),
       (9, 15, 3),
       (9, 15, 4),
       (9, 15, 5),
       (9, 15, 6),
       (9, 15, 7),
       (9, 15, 8),
       (9, 15, 9),
       (9, 15, 10),
       (9, 16, 1),
       (9, 16, 2),
       (9, 16, 3),
       (9, 16, 4),
       (9, 16, 5),
       (9, 16, 6),
       (9, 16, 7),
       (9, 16, 8),
       (9, 16, 9),
       (9, 16, 10),
       (9, 17, 1),
       (9, 17, 2),
       (9, 17, 3),
       (9, 17, 4),
       (9, 17, 5),
       (9, 17, 6),
       (9, 17, 7),
       (9, 17, 8),
       (9, 17, 9),
       (9, 17, 10),
       (9, 18, 1),
       (9, 18, 2),
       (9, 18, 3),
       (9, 18, 4),
       (9, 18, 5),
       (9, 18, 6),
       (9, 18, 7),
       (9, 18, 8),
       (9, 18, 9),
       (9, 18, 10),
       (9, 19, 1),
       (9, 19, 2),
       (9, 19, 3),
       (9, 19, 4),
       (9, 19, 5),
       (9, 19, 6),
       (9, 19, 7),
       (9, 19, 8),
       (9, 19, 9),
       (9, 19, 10),
       (9, 20, 1),
       (9, 20, 2),
       (9, 20, 3),
       (9, 20, 4),
       (9, 20, 5),
       (9, 20, 6),
       (9, 20, 7),
       (9, 20, 8),
       (9, 20, 9),
       (9, 20, 10),
       (10, 1, 1),
       (10, 1, 2),
       (10, 1, 3),
       (10, 1, 4),
       (10, 1, 5),
       (10, 1, 6),
       (10, 1, 7),
       (10, 1, 8),
       (10, 1, 9),
       (10, 1, 10),
       (10, 2, 1),
       (10, 2, 2),
       (10, 2, 3),
       (10, 2, 4),
       (10, 2, 5),
       (10, 2, 6),
       (10, 2, 7),
       (10, 2, 8),
       (10, 2, 9),
       (10, 2, 10),
       (10, 3, 1),
       (10, 3, 2),
       (10, 3, 3),
       (10, 3, 4),
       (10, 3, 5),
       (10, 3, 6),
       (10, 3, 7),
       (10, 3, 8),
       (10, 3, 9),
       (10, 3, 10),
       (10, 4, 1),
       (10, 4, 2),
       (10, 4, 3),
       (10, 4, 4),
       (10, 4, 5),
       (10, 4, 6),
       (10, 4, 7),
       (10, 4, 8),
       (10, 4, 9),
       (10, 4, 10),
       (10, 5, 1),
       (10, 5, 2),
       (10, 5, 3),
       (10, 5, 4),
       (10, 5, 5),
       (10, 5, 6),
       (10, 5, 7),
       (10, 5, 8),
       (10, 5, 9),
       (10, 5, 10),
       (10, 6, 1),
       (10, 6, 2),
       (10, 6, 3),
       (10, 6, 4),
       (10, 6, 5),
       (10, 6, 6),
       (10, 6, 7),
       (10, 6, 8),
       (10, 6, 9),
       (10, 6, 10),
       (10, 7, 1),
       (10, 7, 2),
       (10, 7, 3),
       (10, 7, 4),
       (10, 7, 5),
       (10, 7, 6),
       (10, 7, 7),
       (10, 7, 8),
       (10, 7, 9),
       (10, 7, 10),
       (10, 8, 1),
       (10, 8, 2),
       (10, 8, 3),
       (10, 8, 4),
       (10, 8, 5),
       (10, 8, 6),
       (10, 8, 7),
       (10, 8, 8),
       (10, 8, 9),
       (10, 8, 10),
       (10, 9, 1),
       (10, 9, 2),
       (10, 9, 3),
       (10, 9, 4),
       (10, 9, 5),
       (10, 9, 6),
       (10, 9, 7),
       (10, 9, 8),
       (10, 9, 9),
       (10, 9, 10),
       (10, 10, 1),
       (10, 10, 2),
       (10, 10, 3),
       (10, 10, 4),
       (10, 10, 5),
       (10, 10, 6),
       (10, 10, 7),
       (10, 10, 8),
       (10, 10, 9),
       (10, 10, 10),
       (10, 11, 1),
       (10, 11, 2),
       (10, 11, 3),
       (10, 11, 4),
       (10, 11, 5),
       (10, 11, 6),
       (10, 11, 7),
       (10, 11, 8),
       (10, 11, 9),
       (10, 11, 10),
       (10, 12, 1),
       (10, 12, 2),
       (10, 12, 3),
       (10, 12, 4),
       (10, 12, 5),
       (10, 12, 6),
       (10, 12, 7),
       (10, 12, 8),
       (10, 12, 9),
       (10, 12, 10),
       (10, 13, 1),
       (10, 13, 2),
       (10, 13, 3),
       (10, 13, 4),
       (10, 13, 5),
       (10, 13, 6),
       (10, 13, 7),
       (10, 13, 8),
       (10, 13, 9),
       (10, 13, 10),
       (10, 14, 1),
       (10, 14, 2),
       (10, 14, 3),
       (10, 14, 4),
       (10, 14, 5),
       (10, 14, 6),
       (10, 14, 7),
       (10, 14, 8),
       (10, 14, 9),
       (10, 14, 10),
       (10, 15, 1),
       (10, 15, 2),
       (10, 15, 3),
       (10, 15, 4),
       (10, 15, 5),
       (10, 15, 6),
       (10, 15, 7),
       (10, 15, 8),
       (10, 15, 9),
       (10, 15, 10),
       (10, 16, 1),
       (10, 16, 2),
       (10, 16, 3),
       (10, 16, 4),
       (10, 16, 5),
       (10, 16, 6),
       (10, 16, 7),
       (10, 16, 8),
       (10, 16, 9),
       (10, 16, 10),
       (10, 17, 1),
       (10, 17, 2),
       (10, 17, 3),
       (10, 17, 4),
       (10, 17, 5),
       (10, 17, 6),
       (10, 17, 7),
       (10, 17, 8),
       (10, 17, 9),
       (10, 17, 10),
       (10, 18, 1),
       (10, 18, 2),
       (10, 18, 3),
       (10, 18, 4),
       (10, 18, 5),
       (10, 18, 6),
       (10, 18, 7),
       (10, 18, 8),
       (10, 18, 9),
       (10, 18, 10),
       (10, 19, 1),
       (10, 19, 2),
       (10, 19, 3),
       (10, 19, 4),
       (10, 19, 5),
       (10, 19, 6),
       (10, 19, 7),
       (10, 19, 8),
       (10, 19, 9),
       (10, 19, 10),
       (10, 20, 1),
       (10, 20, 2),
       (10, 20, 3),
       (10, 20, 4),
       (10, 20, 5),
       (10, 20, 6),
       (10, 20, 7),
       (10, 20, 8),
       (10, 20, 9),
       (10, 20, 10);

INSERT INTO films (id, name, description, kp_rating, duration, release_date)
VALUES (1, 'Film 1', 'Description 1', 8.65, 140, '2024-03-21'),
       (2, 'Film 2', 'Description 2', 5.54, 153, '2024-02-04'),
       (3, 'Film 3', 'Description 3', 6.34, 143, '2024-01-10'),
       (4, 'Film 4', 'Description 4', 1.73, 84, '2024-02-23'),
       (5, 'Film 5', 'Description 5', 0.59, 152, '2024-02-08'),
       (6, 'Film 6', 'Description 6', 3.72, 79, '2024-03-12'),
       (7, 'Film 7', 'Description 7', 3.45, 134, '2024-03-12'),
       (8, 'Film 8', 'Description 8', 9.01, 105, '2024-02-13'),
       (9, 'Film 9', 'Description 9', 4.67, 180, '2024-01-22'),
       (10, 'Film 10', 'Description 10', 1.31, 121, '2024-03-05'),
       (11, 'Film 11', 'Description 11', 5.59, 172, '2024-02-05'),
       (12, 'Film 12', 'Description 12', 4.49, 66, '2024-01-28'),
       (13, 'Film 13', 'Description 13', 4.97, 105, '2024-03-12'),
       (14, 'Film 14', 'Description 14', 2.74, 139, '2024-02-19'),
       (15, 'Film 15', 'Description 15', 5.13, 113, '2024-02-28'),
       (16, 'Film 16', 'Description 16', 1.8, 175, '2024-01-08'),
       (17, 'Film 17', 'Description 17', 4.28, 76, '2024-03-01'),
       (18, 'Film 18', 'Description 18', 4.06, 162, '2024-03-05'),
       (19, 'Film 19', 'Description 19', 3.65, 122, '2024-04-06'),
       (20, 'Film 20', 'Description 20', 4.21, 178, '2024-03-13'),
       (21, 'Film 21', 'Description 21', 9.24, 68, '2024-03-09'),
       (22, 'Film 22', 'Description 22', 9.35, 127, '2024-04-10'),
       (23, 'Film 23', 'Description 23', 8.85, 171, '2024-01-05'),
       (24, 'Film 24', 'Description 24', 8.85, 164, '2024-02-25'),
       (25, 'Film 25', 'Description 25', 4.99, 165, '2024-02-17'),
       (26, 'Film 26', 'Description 26', 2.84, 119, '2024-02-13'),
       (27, 'Film 27', 'Description 27', 8.57, 165, '2024-02-07'),
       (28, 'Film 28', 'Description 28', 6.99, 105, '2024-03-03'),
       (29, 'Film 29', 'Description 29', 5.92, 64, '2024-03-10'),
       (30, 'Film 30', 'Description 30', 2.49, 133, '2024-01-14'),
       (31, 'Film 31', 'Description 31', 8.14, 176, '2024-02-19'),
       (32, 'Film 32', 'Description 32', 0.24, 141, '2024-02-19'),
       (33, 'Film 33', 'Description 33', 0.42, 81, '2024-04-05'),
       (34, 'Film 34', 'Description 34', 7.98, 159, '2024-04-01'),
       (35, 'Film 35', 'Description 35', 2.21, 100, '2024-01-05'),
       (36, 'Film 36', 'Description 36', 4.26, 164, '2024-02-07'),
       (37, 'Film 37', 'Description 37', 7.49, 124, '2024-02-05'),
       (38, 'Film 38', 'Description 38', 1.62, 149, '2024-01-20'),
       (39, 'Film 39', 'Description 39', 5.12, 114, '2024-01-03'),
       (40, 'Film 40', 'Description 40', 5.09, 177, '2024-01-21'),
       (41, 'Film 41', 'Description 41', 1.52, 90, '2024-01-22'),
       (42, 'Film 42', 'Description 42', 3.47, 75, '2024-03-12'),
       (43, 'Film 43', 'Description 43', 4.98, 93, '2024-02-15'),
       (44, 'Film 44', 'Description 44', 7.35, 124, '2024-03-12'),
       (45, 'Film 45', 'Description 45', 3.67, 176, '2024-01-18'),
       (46, 'Film 46', 'Description 46', 4.94, 129, '2024-03-14'),
       (47, 'Film 47', 'Description 47', 1.44, 132, '2024-03-02'),
       (48, 'Film 48', 'Description 48', 1.8, 174, '2024-01-20'),
       (49, 'Film 49', 'Description 49', 6.32, 80, '2024-03-13'),
       (50, 'Film 50', 'Description 50', 9.61, 145, '2024-02-03'),
       (51, 'Film 51', 'Description 51', 9.02, 84, '2024-01-31'),
       (52, 'Film 52', 'Description 52', 4.32, 100, '2024-04-02'),
       (53, 'Film 53', 'Description 53', 5.04, 96, '2024-03-16'),
       (54, 'Film 54', 'Description 54', 8.38, 137, '2024-04-01'),
       (55, 'Film 55', 'Description 55', 9.03, 127, '2024-01-22'),
       (56, 'Film 56', 'Description 56', 3.05, 142, '2024-04-05'),
       (57, 'Film 57', 'Description 57', 7.16, 84, '2024-03-01'),
       (58, 'Film 58', 'Description 58', 2.63, 162, '2024-02-23'),
       (59, 'Film 59', 'Description 59', 4.52, 114, '2024-03-02'),
       (60, 'Film 60', 'Description 60', 5.03, 170, '2024-03-05'),
       (61, 'Film 61', 'Description 61', 9.09, 91, '2024-03-17'),
       (62, 'Film 62', 'Description 62', 2.68, 70, '2024-04-03'),
       (63, 'Film 63', 'Description 63', 2.87, 64, '2024-01-22'),
       (64, 'Film 64', 'Description 64', 0.13, 145, '2024-02-17'),
       (65, 'Film 65', 'Description 65', 2.1, 81, '2024-01-26'),
       (66, 'Film 66', 'Description 66', 2.17, 111, '2024-03-14'),
       (67, 'Film 67', 'Description 67', 4.64, 68, '2024-02-27'),
       (68, 'Film 68', 'Description 68', 6.42, 154, '2024-03-26'),
       (69, 'Film 69', 'Description 69', 0.71, 174, '2024-01-22'),
       (70, 'Film 70', 'Description 70', 1.06, 159, '2024-02-06'),
       (71, 'Film 71', 'Description 71', 7.45, 160, '2024-04-04'),
       (72, 'Film 72', 'Description 72', 6.97, 151, '2024-03-30'),
       (73, 'Film 73', 'Description 73', 9.82, 63, '2024-01-21'),
       (74, 'Film 74', 'Description 74', 9.86, 172, '2024-01-30'),
       (75, 'Film 75', 'Description 75', 7.84, 161, '2024-02-04'),
       (76, 'Film 76', 'Description 76', 4.55, 74, '2024-04-04'),
       (77, 'Film 77', 'Description 77', 1.24, 128, '2024-03-24'),
       (78, 'Film 78', 'Description 78', 7.87, 148, '2024-02-06'),
       (79, 'Film 79', 'Description 79', 5.38, 137, '2024-02-24'),
       (80, 'Film 80', 'Description 80', 8.2, 135, '2024-04-01'),
       (81, 'Film 81', 'Description 81', 6.77, 102, '2024-01-09'),
       (82, 'Film 82', 'Description 82', 4.26, 137, '2024-02-06'),
       (83, 'Film 83', 'Description 83', 6.37, 74, '2024-01-08'),
       (84, 'Film 84', 'Description 84', 7.68, 114, '2024-01-11'),
       (85, 'Film 85', 'Description 85', 5.36, 171, '2024-01-29'),
       (86, 'Film 86', 'Description 86', 7.56, 168, '2024-03-31'),
       (87, 'Film 87', 'Description 87', 5.36, 173, '2024-02-24'),
       (88, 'Film 88', 'Description 88', 2.37, 64, '2024-03-12'),
       (89, 'Film 89', 'Description 89', 3.63, 103, '2024-01-11'),
       (90, 'Film 90', 'Description 90', 1.92, 126, '2024-02-05'),
       (91, 'Film 91', 'Description 91', 1.58, 62, '2024-03-26'),
       (92, 'Film 92', 'Description 92', 3.82, 113, '2024-04-06'),
       (93, 'Film 93', 'Description 93', 3.23, 105, '2024-02-22'),
       (94, 'Film 94', 'Description 94', 4.3, 145, '2024-03-22'),
       (95, 'Film 95', 'Description 95', 0.38, 61, '2024-03-01'),
       (96, 'Film 96', 'Description 96', 8.33, 86, '2024-03-26'),
       (97, 'Film 97', 'Description 97', 6.09, 146, '2024-02-25'),
       (98, 'Film 98', 'Description 98', 4.36, 156, '2024-04-10'),
       (99, 'Film 99', 'Description 99', 9.38, 157, '2024-03-23'),
       (100, 'Film 100', 'Description 100', 9.76, 153, '2024-02-25');