INSERT INTO halls (name, description)
VALUES ('Зал 1', 'Премиум зал с большим экраном'),
       ('Зал 2', 'Зал со средним экраном'),
       ('Зал 3', 'Зал со маленьким экраном');

INSERT INTO movies (title, genre, duration)
VALUES ('Властелин колец: Возвращение короля', 'Фэнтези', 142),
       ('Звёздные войны: Эпизод 5 — Империя наносит ответный удар', 'Фэнтези', 124),
       ('Побег из Шоушенка', 'Драма', 142),
       ('Темный рыцарь', 'Фантастика', 152);

INSERT INTO sessions (hall_id, movie_id, start_time)
VALUES (1, 1, '2024-01-01 20:00:00'),
       (2, 2, '2024-02-15 20:30:00'),
       (3, 4, '2024-03-17 20:30:00'),
       (3, 3, '2024-01-23 20:45:00');

INSERT INTO seats_types (title)
VALUES ('Обычное'),
       ('Комфортное');

INSERT INTO seats (halls_id, seats_types_id, row, place)
VALUES (1, 1, 1, 1),
       (1, 1, 1, 2),
       (1, 1, 1, 3),
       (1, 1, 1, 4),
       (1, 1, 2, 1),
       (1, 1, 2, 2),
       (1, 2, 2, 3),
       (1, 2, 2, 4),
       (1, 1, 2, 5),
       (1, 1, 2, 6),
       (1, 1, 3, 1),
       (1, 1, 3, 2),
       (1, 2, 3, 3),
       (1, 2, 3, 4),
       (1, 2, 3, 5),
       (1, 2, 3, 6),
       (1, 1, 3, 7),
       (1, 1, 3, 8),
       (2, 1, 1, 1),
       (2, 1, 1, 2),
       (2, 1, 1, 3),
       (2, 1, 1, 4),
       (2, 1, 2, 1),
       (2, 1, 2, 2),
       (2, 2, 2, 3),
       (2, 2, 2, 4),
       (2, 1, 2, 5),
       (2, 1, 2, 6),
       (2, 1, 3, 1),
       (2, 1, 3, 2),
       (2, 2, 3, 3),
       (2, 2, 3, 4),
       (2, 2, 3, 5),
       (2, 2, 3, 6),
       (2, 1, 3, 7),
       (2, 1, 3, 8),
       (3, 1, 1, 1),
       (3, 1, 1, 2),
       (3, 1, 1, 3),
       (3, 1, 1, 4),
       (3, 1, 2, 1),
       (3, 1, 2, 2),
       (3, 2, 2, 3),
       (3, 2, 2, 4),
       (3, 1, 2, 5),
       (3, 1, 2, 6),
       (3, 1, 3, 1),
       (3, 1, 3, 2),
       (3, 2, 3, 3),
       (3, 2, 3, 4),
       (3, 2, 3, 5),
       (3, 2, 3, 6),
       (3, 1, 3, 7),
       (3, 1, 3, 8);

INSERT INTO prices (sessions_id, seats_types_id, price)
VALUES (1, 1, 350),
       (1, 2, 380),
       (2, 1, 330),
       (2, 2, 360),
       (3, 1, 300),
       (3, 2, 330),
       (4, 1, 250),
       (4, 2, 280);

INSERT INTO tickets (seats_id, sessions_id, prices_id)
VALUES (1, 1, 1),
       (2, 1, 1),
       (3, 1, 1),
       (4, 1, 1),
       (5, 1, 1),
       (6, 1, 1),
       (7, 1, 2),
       (8, 1, 2),
       (9, 1, 1),
       (10, 1, 1),
       (11, 1, 1),
       (12, 1, 1),
       (13, 1, 2),
       (14, 1, 2),
       (15, 1, 2),
       (16, 1, 2),
       (17, 1, 1),
       (18, 1, 1),
       (19, 2, 1),
       (20, 2, 1),
       (21, 2, 1),
       (22, 2, 1),
       (23, 2, 1),
       (24, 2, 1),
       (25, 2, 2),
       (26, 2, 2),
       (27, 2, 1),
       (28, 2, 1),
       (29, 2, 1),
       (30, 2, 1),
       (31, 2, 2),
       (32, 2, 2),
       (33, 2, 2),
       (34, 2, 2),
       (35, 2, 1),
       (36, 2, 1),
       (37, 3, 1),
       (38, 3, 1),
       (39, 3, 1),
       (40, 3, 1),
       (41, 3, 1),
       (42, 3, 1),
       (43, 3, 2),
       (44, 3, 2),
       (45, 3, 1),
       (46, 3, 1),
       (47, 3, 1),
       (48, 3, 1),
       (49, 3, 2),
       (50, 3, 2),
       (51, 3, 2),
       (52, 3, 2),
       (53, 3, 1),
       (54, 3, 1);

INSERT INTO users (phone, name, surname)
VALUES ('+71234567890', 'Иван', 'Иванов'),
       ('+76541234376', 'Петр', 'Петров'),
       ('+79909999999', 'Елизавета', 'Егорова'),
       ('+79908888888', 'Алексей', 'Ковалев'),
       ('+79977777777', 'Ольга', 'Степанова'),
       ('+79333333333', 'Игорь', 'Игорев');

INSERT INTO orders (ticket_id, user_id)
VALUES (1, 1),
       (2, 1),
       (3, 1),
       (4, 1),
       (5, 1),
       (6, 1),
       (7, 1),
       (8, 1),
       (24, 2),
       (25, 2),
       (26, 2),
       (27, 2),
       (37, 3),
       (38, 4),
       (39, 5),
       (40, 6);
